posting_id,job_title,salary_estimate,company_rating,company_size,founded_year,ownership_type,industry,sector,revenue_band,hourly_flag,employer_provided_flag,lower_salary_k,upper_salary_k,avg_salary_k,job_state,company_age,python,spark,aws,excel,sql,sas,keras,pytorch,scikit,tensor,hadoop,tableau,power_bi,flink,mongo,google_analytics,role_family,seniority,degree_required
0,Data Scientist,$53K-$91K (Glassdoor est.),3.8,501 - 1000 ,1973,Company - Private,Aerospace & Defense,Aerospace & Defense,$50 to $100 million (USD),0,0,53,91,72.0,NM,48,1,0,0,1,0,1,0,0,0,0,0,1,1,0,0,0,data scientist,na,M
1,Healthcare Data Scientist,$63K-$112K (Glassdoor est.),3.4,10000+ ,1984,Other Organization,Health Care Services & Hospitals,Health Care,$2 to $5 billion (USD),0,0,63,112,87.5,MD,37,1,0,0,0,0,0,0,0,0,0,0,0,0,0,0,0,data scientist,na,M
2,Data Scientist,$80K-$90K (Glassdoor est.),4.8,501 - 1000 ,2010,Company - Private,Security Services,Business Services,$100 to $500 million (USD),0,0,80,90,85.0,FL,11,1,1,0,1,1,1,0,0,0,0,0,0,0,0,0,0,data scientist,na,M
3,Data Scientist,$56K-$97K (Glassdoor est.),3.8,1001 - 5000 ,1965,Government,Energy,"Oil, Gas, Energy & Utilities",$500 million to $1 billion (USD),0,0,56,97,76.5,WA,56,1,0,0,0,0,0,0,0,0,0,0,0,0,0,0,0,data scientist,na,na
4,Data Scientist,$86K-$143K (Glassdoor est.),2.9,51 - 200 ,1998,Company - Private,Advertising & Marketing,Business Services,Unknown / Non-Applicable,0,0,86,143,114.5,NY,23,1,0,0,1,1,1,0,0,0,0,0,0,0,0,0,0,data scientist,na,na
5,Data Scientist,$71K-$119K (Glassdoor est.),3.4,201 - 500 ,2000,Company - Public,Real Estate,Real Estate,$1 to $2 billion (USD),0,0,71,119,95.0,TX,21,1,0,1,1,1,0,0,0,0,0,0,0,1,0,1,0,data scientist,na,na
6,Data Scientist,$54K-$93K (Glassdoor est.),4.1,501 - 1000 ,2008,Company - Private,Banks & Credit Unions,Finance,Unknown / Non-Applicable,0,0,54,93,73.5,MD,13,0,0,0,1,0,0,0,0,0,0,0,0,0,0,0,0,data scientist,na,na
7,Data Scientist,$86K-$142K (Glassdoor est.),3.8,201 - 500 ,2005,Company - Private,Consulting,Business Services,$25 to $50 million (USD),0,0,86,142,114.0,CA,16,1,1,1,1,1,0,0,1,0,1,0,0,0,0,0,0,data scientist,na,M
8,Research Scientist,$38K-$84K (Glassdoor est.),3.3,10000+ ,2014,Hospital,Health Care Services & Hospitals,Health Care,$500 million to $1 billion (USD),0,0,38,84,61.0,NY,7,0,0,0,0,0,0,0,0,0,0,0,0,0,0,0,0,other scientist,na,P
9,Data Scientist,$120K-$160K (Glassdoor est.),4.6,51 - 200 ,2009,Company - Private,Internet,Information Technology,$100 to $500 million (USD),0,0,120,160,140.0,NY,12,1,1,0,0,0,0,0,0,0,0,0,0,0,0,0,0,data scientist,na,na
10,Data Scientist,$126K-$201K (Glassdoor est.),3.5,501 - 1000 ,2011,Company - Private,Other Retail Stores,Retail,$1 to $2 billion (USD),0,0,126,201,163.5,CA,10,1,0,0,0,0,0,0,0,0,0,0,0,0,0,0,0,data scientist,na,na
11,Data Scientist,$64K-$106K (Glassdoor est.),4.1,5001 - 10000 ,1968,Company - Public,Research & Development,Business Services,$1 to $2 billion (USD),0,0,64,106,85.0,VA,53,0,0,0,0,1,0,0,0,0,0,1,0,0,0,0,0,data scientist,na,na
12,Staff Data Scientist - Technology,$106K-$172K (Glassdoor est.),3.2,10000+ ,1962,Company - Public,"Department, Clothing, & Shoe Stores",Retail,$10+ billion (USD),0,0,106,172,139.0,TX,59,0,0,0,0,1,0,0,0,0,0,1,0,0,0,0,0,data scientist,na,M
13,Data Analyst,$46K-$85K (Glassdoor est.),4.1,201 - 500 ,2012,Company - Private,Advertising & Marketing,Business Services,Unknown / Non-Applicable,0,0,46,85,65.5,WA,9,1,1,1,1,1,0,0,0,0,0,0,1,1,0,0,0,analyst,na,na
14,Data Scientist,$83K-$144K (Glassdoor est.),3.7,10000+ ,1781,Company - Public,Biotech & Pharmaceuticals,Biotech & Pharmaceuticals,$10+ billion (USD),0,0,83,144,113.5,MA,240,1,1,0,0,1,0,0,0,0,1,0,0,0,0,0,0,data scientist,na,M
15,Data Engineer I,$102K-$190K (Glassdoor est.),3.6,1001 - 5000 ,1995,Subsidiary or Business Segment,Motion Picture Production & Distribution,Media,Unknown / Non-Applicable,0,0,102,190,146.0,NJ,26,0,0,0,1,0,0,0,0,0,0,0,0,0,0,0,0,data engineer,na,na
16,"Scientist I/II, Biology",$67K-$137K (Glassdoor est.),3.9,51 - 200 ,2011,Company - Public,Biotech & Pharmaceuticals,Biotech & Pharmaceuticals,$1 to $5 million (USD),0,0,67,137,102.0,MA,10,0,0,0,1,0,0,0,0,0,0,0,0,0,0,0,0,other scientist,na,P
17,Customer Data Scientist,$118K-$189K (Glassdoor est.),4.3,201 - 500 ,2011,Company - Private,Enterprise Software & Network Solutions,Information Technology,Unknown / Non-Applicable,0,0,118,189,153.5,CA,10,1,1,1,1,0,0,0,0,0,0,1,0,0,0,0,0,data scientist,na,M
18,Data Scientist - Health Data Analytics,$110K-$175K (Glassdoor est.),4.2,51 - 200 ,2010,Company - Private,Enterprise Software & Network Solutions,Information Technology,Unknown / Non-Applicable,0,0,110,175,142.5,CA,11,0,0,0,0,1,0,0,0,0,0,0,0,0,0,0,0,data scientist,na,na
19,Data Scientist,$64K-$111K (Glassdoor est.),4.0,501 - 1000 ,1915,Nonprofit Organization,Insurance Carriers,Insurance,$500 million to $1 billion (USD),0,0,64,111,87.5,CO,106,1,0,0,1,1,0,1,1,1,1,0,0,0,0,0,0,data scientist,na,M
20,Data Scientist,$81K-$130K (Glassdoor est.),3.2,201 - 500 ,2012,Company - Private,Internet,Information Technology,Unknown / Non-Applicable,0,0,81,130,105.5,WA,9,1,1,0,0,1,0,0,0,0,0,0,0,0,0,0,0,data scientist,na,M
21,Senior Data Scientist / Machine Learning,$73K-$119K (Glassdoor est.),3.9,201 - 500 ,2013,Company - Private,Insurance Agencies & Brokerages,Insurance,Unknown / Non-Applicable,0,0,73,119,96.0,TX,8,0,0,0,1,0,0,0,0,0,0,0,0,0,0,0,0,data scientist,sr,P
22,Data Scientist - Quantitative,$86K-$139K (Glassdoor est.),3.8,501 - 1000 ,1995,Company - Private,Logistics & Supply Chain,Transportation & Logistics,Unknown / Non-Applicable,0,0,86,139,112.5,IL,26,1,0,1,1,1,0,0,0,0,0,0,0,0,0,1,0,data scientist,na,M
23,Data Scientist,$63K-$105K (Glassdoor est.),4.3,51 - 200 ,1935,Nonprofit Organization,Logistics & Supply Chain,Transportation & Logistics,$10 to $25 million (USD),0,0,63,105,84.0,KY,86,1,0,0,1,1,0,0,0,0,0,0,1,0,0,0,0,data scientist,na,M
25,Data Scientist,$109K-$177K (Glassdoor est.),4.0,501 - 1000 ,2012,Company - Private,Enterprise Software & Network Solutions,Information Technology,$100 to $500 million (USD),0,0,109,177,143.0,VA,9,1,0,1,0,0,0,1,0,0,1,0,0,0,0,0,0,data scientist,na,na
26,Digital Health Data Scientist,$63K-$110K (Glassdoor est.),4.0,10000+ ,1849,Company - Public,Biotech & Pharmaceuticals,Biotech & Pharmaceuticals,$10+ billion (USD),0,0,63,110,86.5,MA,172,1,0,1,1,0,0,0,0,0,0,0,0,0,0,0,0,data scientist,na,na
27,Data Scientist,$75K-$124K (Glassdoor est.),3.5,1001 - 5000 ,1952,Company - Private,Banks & Credit Unions,Finance,$100 to $500 million (USD),0,0,75,124,99.5,OR,69,1,1,1,1,1,0,1,0,1,1,0,1,0,0,0,0,data scientist,na,na
28,Associate Data Analyst,$34K-$61K (Glassdoor est.),3.7,5001 - 10000 ,1852,Company - Public,Insurance Carriers,Insurance,$5 to $10 billion (USD),0,0,34,61,47.5,MA,169,0,0,0,1,0,0,0,0,0,0,0,0,0,0,0,0,analyst,na,na
29,Clinical Data Scientist,$63K-$105K (Glassdoor est.),4.0,10000+ ,1849,Company - Public,Biotech & Pharmaceuticals,Biotech & Pharmaceuticals,$10+ billion (USD),0,0,63,105,84.0,CT,172,0,0,1,1,0,0,0,0,0,0,0,0,0,0,0,0,data scientist,na,M
30,Data Scientist,$80K-$90K (Glassdoor est.),4.8,501 - 1000 ,2010,Company - Private,Security Services,Business Services,$100 to $500 million (USD),0,0,80,90,85.0,FL,11,1,1,0,1,1,1,0,0,0,0,0,0,0,0,0,0,data scientist,na,M
31,Data Scientist,$56K-$97K (Glassdoor est.),3.8,1001 - 5000 ,1965,Government,Energy,"Oil, Gas, Energy & Utilities",$500 million to $1 billion (USD),0,0,56,97,76.5,WA,56,1,0,0,0,0,0,0,0,0,0,0,0,0,0,0,0,data scientist,na,na
32,Data Scientist,$72K-$120K (Glassdoor est.),3.6,1001 - 5000 ,1997,Company - Private,Real Estate,Real Estate,$500 million to $1 billion (USD),0,0,72,120,96.0,MI,24,1,0,0,0,1,1,0,0,0,0,0,0,0,0,0,0,data scientist,na,M
33,Data Scientist / Machine Learning Expert,$86K-$143K (Glassdoor est.),3.8,10000+ ,1996,Company - Public,Biotech & Pharmaceuticals,Biotech & Pharmaceuticals,$10+ billion (USD),0,0,86,143,114.5,MA,25,1,0,0,0,0,0,0,1,1,0,0,0,0,0,0,0,data scientist,na,na
34,Data Scientist,$93K-$149K (Glassdoor est.),3.8,5001 - 10000 ,1996,Company - Public,Telecommunications Services,Telecommunications,$2 to $5 billion (USD),0,0,93,149,121.0,CA,25,1,1,0,1,1,0,1,0,1,1,0,0,0,0,1,0,data scientist,na,M
35,Data Scientist,$85K-$140K (Glassdoor est.),4.7,201 - 500 ,1974,Company - Private,Biotech & Pharmaceuticals,Biotech & Pharmaceuticals,Unknown / Non-Applicable,0,0,85,140,112.5,MA,47,1,0,0,1,0,0,0,0,0,0,0,0,0,0,0,0,data scientist,na,na
36,Web Data Analyst,$77K-$135K (Glassdoor est.),4.2,201 - 500 ,2008,Company - Private,IT Services,Information Technology,Unknown / Non-Applicable,0,0,77,135,106.0,CA,13,1,0,0,1,1,0,0,0,0,0,0,1,1,0,0,0,analyst,na,na
37,Data Scientist,$82K-$132K (Glassdoor est.),3.5,1001 - 5000 ,1969,Company - Private,Computer Hardware & Software,Information Technology,$1 to $2 billion (USD),0,0,82,132,107.0,CA,52,1,1,1,0,0,0,0,0,0,0,1,1,0,0,1,0,data scientist,na,M
38,Data Scientist,$83K-$137K (Glassdoor est.),4.7,201 - 500 ,2010,Company - Private,Aerospace & Defense,Aerospace & Defense,$100 to $500 million (USD),0,0,83,137,110.0,MA,11,1,1,0,1,1,0,0,1,1,1,1,0,0,0,0,0,data scientist,na,P
39,Senior Data Scientist,$115K-$180K (Glassdoor est.),3.5,5001 - 10000 ,1870,Company - Public,Biotech & Pharmaceuticals,Biotech & Pharmaceuticals,$1 to $2 billion (USD),0,0,115,180,147.5,CA,151,1,0,0,1,0,0,0,0,0,0,0,0,0,0,0,0,data scientist,sr,M
40,Data Engineer,$74K-$138K (Glassdoor est.),3.5,201 - 500 ,1985,Company - Private,Insurance Carriers,Insurance,$100 to $500 million (USD),0,0,74,138,106.0,NY,36,1,0,0,1,1,0,0,0,0,0,0,0,0,0,0,0,data engineer,na,M
41,Data Analyst,$64K-$112K (Glassdoor est.),4.2,201 - 500 ,2008,Company - Private,IT Services,Information Technology,$50 to $100 million (USD),0,0,64,112,88.0,CA,13,1,0,1,1,1,0,0,0,0,0,0,1,0,0,1,0,analyst,na,na
43,Data Engineer,$68K-$129K (Glassdoor est.),3.6,1 - 50 ,-1,Company - Private,-1,-1,Less than $1 million (USD),0,0,68,129,98.5,MA,-1,0,0,0,1,1,0,0,0,0,0,0,0,0,0,0,0,data engineer,na,na
44,Data Scientist - Algorithms & Inference,$110K-$175K (Glassdoor est.),4.2,51 - 200 ,2010,Company - Private,Enterprise Software & Network Solutions,Information Technology,Unknown / Non-Applicable,0,0,110,175,142.5,CA,11,0,0,0,0,0,0,0,0,0,0,0,0,0,0,0,0,data scientist,na,M
45,Scientist,$52K-$113K (Glassdoor est.),3.4,5001 - 10000 ,2015,Company - Public,Consumer Products Manufacturing,Manufacturing,$2 to $5 billion (USD),0,0,52,113,82.5,NJ,6,0,0,1,0,0,0,0,0,0,0,0,0,0,0,0,0,other scientist,na,M
46,Senior Data Scientist,$110K-$150K(Employer est.),4.3,1001 - 5000 ,1993,Company - Public,Real Estate,Real Estate,$2 to $5 billion (USD),0,0,110,150,130.0,IL,28,1,1,0,1,1,0,0,0,1,0,1,1,1,0,0,0,data scientist,sr,M
48,Data Scientist,Employer Provided Salary:$150K-$160K,5.0,unknown,-1,Company - Private,Enterprise Software & Network Solutions,Information Technology,Unknown / Non-Applicable,0,1,150,160,155.0,DC,-1,0,0,1,1,0,0,0,0,0,0,0,0,0,0,0,0,data scientist,na,na
49,Lead Data Scientist,$158K-$211K (Glassdoor est.),3.7,10000+ ,1958,Company - Public,IT Services,Information Technology,$10+ billion (USD),0,0,158,211,184.5,WA,63,1,0,0,1,1,1,0,0,0,0,0,1,0,0,0,0,data scientist,sr,na
50,Associate Data Analyst,$20K-$39K (Glassdoor est.),3.1,5001 - 10000 ,1986,Company - Private,Enterprise Software & Network Solutions,Information Technology,$2 to $5 billion (USD),0,0,20,39,29.5,CO,35,0,0,0,1,0,0,0,0,0,0,0,0,0,0,0,0,analyst,na,M
51,Spectral Scientist/Engineer,$56K-$117K (Glassdoor est.),4.7,501 - 1000 ,1999,Company - Private,Aerospace & Defense,Aerospace & Defense,$100 to $500 million (USD),0,0,56,117,86.5,OH,22,0,0,0,0,0,0,0,0,0,0,0,0,0,0,0,0,other scientist,na,M
52,College Hire - Data Scientist - Open to December 2019 Graduates,$63K-$99K (Glassdoor est.),3.7,10000+ ,1925,Company - Public,Industrial Manufacturing,Manufacturing,$10+ billion (USD),0,0,63,99,81.0,IL,96,0,0,0,0,0,0,0,0,0,0,0,1,0,0,0,0,data scientist,na,na
54,Data Scientist,$68K-$114K (Glassdoor est.),3.8,501 - 1000 ,1984,Subsidiary or Business Segment,Advertising & Marketing,Business Services,Unknown / Non-Applicable,0,0,68,114,91.0,FL,37,1,0,0,1,1,0,0,0,0,0,1,1,0,0,0,0,data scientist,na,na
55,"Data Scientist, Office of Data Science",$86K-$143K (Glassdoor est.),3.3,10000+ ,1912,Company - Private,Insurance Carriers,Insurance,$10+ billion (USD),0,0,86,143,114.5,MA,109,1,0,0,0,0,0,0,0,0,0,0,0,0,0,0,0,data scientist,na,na
56,Data Science Analyst,$41K-$95K (Glassdoor est.),4.6,1001 - 5000 ,2002,Company - Private,Aerospace & Defense,Aerospace & Defense,$100 to $500 million (USD),0,0,41,95,68.0,AL,19,1,0,0,1,0,0,0,0,0,0,0,1,0,0,0,0,data scientist,na,na
57,Data Scientist,$86K-$144K (Glassdoor est.),3.7,10000+ ,1863,Company - Public,Insurance Agencies & Brokerages,Insurance,$10+ billion (USD),0,0,86,144,115.0,NY,158,1,0,0,1,1,0,0,0,0,0,0,0,0,0,0,0,data scientist,na,M
58,Data Scientist,$80K-$139K (Glassdoor est.),3.7,10000+ ,1939,Company - Public,Aerospace & Defense,Aerospace & Defense,$10+ billion (USD),0,0,80,139,109.5,CA,82,0,0,0,1,1,0,0,0,0,0,0,1,0,0,0,0,data scientist,na,na
59,Data Scientist,$56K-$95K (Glassdoor est.),3.5,5001 - 10000 ,1870,Company - Public,Biotech & Pharmaceuticals,Biotech & Pharmaceuticals,$1 to $2 billion (USD),0,0,56,95,75.5,NM,151,1,0,0,1,0,0,0,0,0,0,0,0,0,0,0,0,data scientist,na,M
60,Data Scientist,$120K-$189K (Glassdoor est.),4.1,501 - 1000 ,2012,Company - Private,Enterprise Software & Network Solutions,Information Technology,Unknown / Non-Applicable,0,0,120,189,154.5,CA,9,1,1,0,1,0,0,0,0,0,1,0,0,0,1,0,0,data scientist,na,P
61,Data Scientist,$111K-$176K (Glassdoor est.),4.7,51 - 200 ,2016,Company - Private,IT Services,Information Technology,Unknown / Non-Applicable,0,0,111,176,143.5,MO,5,1,1,0,0,1,0,1,0,1,1,0,0,0,0,0,0,data scientist,na,na
62,Data Scientist,$54K-$93K (Glassdoor est.),4.1,501 - 1000 ,2008,Company - Private,Banks & Credit Unions,Finance,Unknown / Non-Applicable,0,0,54,93,73.5,MD,13,0,0,0,1,0,0,0,0,0,0,0,0,0,0,0,0,data scientist,na,na
63,Data Scientist,$71K-$119K (Glassdoor est.),3.4,201 - 500 ,2000,Company - Public,Real Estate,Real Estate,$1 to $2 billion (USD),0,0,71,119,95.0,TX,21,1,0,1,1,1,0,0,0,0,0,0,0,1,0,1,0,data scientist,na,na
65,Senior Data Scientist,$82K-$132K (Glassdoor est.),4.4,201 - 500 ,1885,Subsidiary or Business Segment,Metals Brokers,Mining & Metals,Unknown / Non-Applicable,0,0,82,132,107.0,OH,136,1,0,1,0,1,0,0,0,0,0,0,1,1,0,0,0,data scientist,sr,M
66,Data Scientist,$84K-$146K (Glassdoor est.),4.3,201 - 500 ,2011,Company - Private,Consulting,Business Services,$10 to $25 million (USD),0,0,84,146,115.0,NY,10,1,1,1,0,1,0,0,0,0,0,1,1,0,0,0,0,data scientist,na,na
67,Senior Risk Data Scientist,$107K-$172K (Glassdoor est.),3.8,501 - 1000 ,2006,Company - Public,Financial Transaction Processing,Finance,$50 to $100 million (USD),0,0,107,172,139.5,CA,15,0,0,0,0,1,1,0,0,0,0,0,0,0,0,0,0,data scientist,sr,M
68,Data Scientist in Artificial Intelligence Early Career,$49K-$85K (Glassdoor est.),3.8,1001 - 5000 ,1965,Government,Energy,"Oil, Gas, Energy & Utilities",$500 million to $1 billion (USD),0,0,49,85,67.0,WA,56,0,0,0,0,0,0,0,1,0,1,0,0,0,0,0,0,data scientist,na,M
70,Data Scientist,$61K-$109K (Glassdoor est.),3.8,10000+ ,1948,Company - Public,Sporting Goods Stores,Retail,$5 to $10 billion (USD),0,0,61,109,85.0,PA,73,1,0,0,0,1,0,0,1,0,1,0,0,0,0,0,0,data scientist,na,M
72,Data Scientist,$88K-$148K (Glassdoor est.),2.8,51 - 200 ,2006,Company - Private,Biotech & Pharmaceuticals,Biotech & Pharmaceuticals,$1 to $5 million (USD),0,0,88,148,118.0,MA,15,1,0,0,1,1,0,0,0,0,0,0,0,0,0,0,0,data scientist,na,P
73,Data Scientist,$60K-$99K (Glassdoor est.),4.7,51 - 200 ,2003,Company - Private,Computer Hardware & Software,Information Technology,$25 to $50 million (USD),0,0,60,99,79.5,GA,18,1,0,0,1,1,0,1,1,1,0,0,0,0,0,0,0,data scientist,na,na
75,Data Scientist - Research,$41K-$72K (Glassdoor est.),3.1,201 - 500 ,1999,Company - Public,Advertising & Marketing,Business Services,$100 to $500 million (USD),0,0,41,72,56.5,MA,22,1,0,0,0,1,0,0,0,0,0,0,1,0,0,0,0,data scientist,na,na
76,Data Scientist,$96K-$161K (Glassdoor est.),3.2,1 - 50 ,-1,Company - Private,Staffing & Outsourcing,Business Services,$5 to $10 million (USD),0,0,96,161,128.5,PA,-1,1,1,1,0,1,0,0,0,0,0,1,0,0,0,0,0,data scientist,na,na
77,R&D Data Analysis Scientist,$65K-$130K (Glassdoor est.),4.0,10000+ ,1939,Company - Public,Computer Hardware & Software,Information Technology,Unknown / Non-Applicable,0,0,65,130,97.5,WA,82,0,0,0,0,0,0,0,0,0,0,0,0,0,0,0,0,other scientist,na,M
78,Analytics Consultant,$52K-$81K (Glassdoor est.),4.4,1 - 50 ,2015,Company - Private,Enterprise Software & Network Solutions,Information Technology,Unknown / Non-Applicable,0,0,52,81,66.5,IN,6,1,0,0,0,0,0,0,0,0,0,0,1,0,0,0,0,data analitics,na,na
79,"Director, Data Science",$139K-$220K (Glassdoor est.),3.6,10000+ ,1927,Company - Public,Wholesale,Business Services,$10+ billion (USD),0,0,139,220,179.5,IL,94,1,0,0,1,1,1,0,0,0,0,0,0,0,0,0,0,data scientist,na,M
80,Scientist,$50K-$102K (Glassdoor est.),2.7,501 - 1000 ,1978,Subsidiary or Business Segment,Research & Development,Business Services,$50 to $100 million (USD),0,0,50,102,76.0,MO,43,0,0,0,1,0,0,0,0,0,0,0,0,0,0,0,0,other scientist,na,P
81,Data Scientist SR,$85K-$139K (Glassdoor est.),3.9,501 - 1000 ,2010,Company - Private,IT Services,Information Technology,$100 to $500 million (USD),0,0,85,139,112.0,VA,11,1,1,0,0,1,0,0,0,0,0,1,0,0,0,0,0,data scientist,sr,M
82,Data Scientist,$74K-$122K (Glassdoor est.),3.1,1001 - 5000 ,1860,Company - Private,Mining,Mining & Metals,$1 to $2 billion (USD),0,0,74,122,98.0,PA,161,1,0,0,0,0,0,0,0,0,1,0,0,0,0,0,0,data scientist,na,M
83,R&D Sr Data Scientist,$99K-$157K (Glassdoor est.),4.0,10000+ ,1939,Company - Public,Computer Hardware & Software,Information Technology,Unknown / Non-Applicable,0,0,99,157,128.0,WA,82,0,1,1,0,1,0,0,0,1,1,0,0,0,0,0,0,data scientist,sr,M
84,Customer Data Scientist/Sales Engineer (Bay,$79K-$222K (Glassdoor est.),4.3,201 - 500 ,2011,Company - Private,Enterprise Software & Network Solutions,Information Technology,Unknown / Non-Applicable,0,0,79,222,150.5,CA,10,1,1,1,1,0,0,1,0,1,1,1,0,0,0,0,0,data scientist,na,P
85,Research Scientist,$57K-$118K (Glassdoor est.),1.9,51 - 200 ,2000,Company - Private,Biotech & Pharmaceuticals,Biotech & Pharmaceuticals,$10 to $25 million (USD),0,0,57,118,87.5,MA,21,0,0,1,0,0,0,0,0,0,0,0,0,0,0,0,0,other scientist,na,M
86,Data Scientist,$83K-$137K (Glassdoor est.),3.3,1001 - 5000 ,2017,Company - Private,Aerospace & Defense,Aerospace & Defense,$1 to $2 billion (USD),0,0,83,137,110.0,VA,4,1,0,0,1,0,0,0,0,1,0,1,0,0,0,0,0,data scientist,na,na
87,Data Scientist,$86K-$141K (Glassdoor est.),4.4,10000+ ,1995,Company - Private,IT Services,Information Technology,$500 million to $1 billion (USD),0,0,86,141,113.5,CA,26,1,0,0,1,0,0,0,0,0,0,0,0,0,0,0,0,data scientist,na,na
88,Data Scientist,$94K-$154K (Glassdoor est.),3.9,51 - 200 ,2016,Company - Private,Health Care Services & Hospitals,Health Care,$1 to $5 million (USD),0,0,94,154,124.0,CA,5,1,0,0,0,1,0,0,0,0,0,0,0,0,0,0,0,data scientist,na,na
89,Jr. Business Data Analyst,$37K-$76K (Glassdoor est.),4.7,201 - 500 ,1997,Company - Private,Advertising & Marketing,Business Services,$25 to $50 million (USD),0,0,37,76,56.5,PA,24,0,0,0,1,0,0,0,0,0,0,0,0,0,0,0,1,analyst,jr,na
90,Data Scientist,$100K-$160K (Glassdoor est.),4.5,5001 - 10000 ,1942,Nonprofit Organization,Aerospace & Defense,Aerospace & Defense,$1 to $2 billion (USD),0,0,100,160,130.0,MD,79,1,0,0,1,0,0,0,0,0,0,0,0,0,0,0,0,data scientist,na,na
91,Data Analyst,$55K-$100K (Glassdoor est.),4.3,51 - 200 ,2008,Company - Private,Computer Hardware & Software,Information Technology,$10 to $25 million (USD),0,0,55,100,77.5,IL,13,0,0,0,1,1,0,0,0,0,0,0,0,0,0,0,0,analyst,na,na
92,Data Engineer,$60K-$114K (Glassdoor est.),4.0,201 - 500 ,2002,Company - Private,Consulting,Business Services,$50 to $100 million (USD),0,0,60,114,87.0,VA,19,1,0,1,1,1,0,0,0,0,0,0,0,0,0,0,0,data engineer,na,na
93,Data Analyst,$39K-$68K (Glassdoor est.),4.4,501 - 1000 ,1948,Company - Private,Wholesale,Business Services,$100 to $500 million (USD),0,0,39,68,53.5,WA,73,0,0,0,1,0,0,0,0,0,0,0,0,0,0,0,0,analyst,na,na
94,Staff Data Scientist - Technology,$106K-$172K (Glassdoor est.),3.2,10000+ ,1962,Company - Public,"Department, Clothing, & Shoe Stores",Retail,$10+ billion (USD),0,0,106,172,139.0,TX,59,0,0,0,0,1,0,0,0,0,0,1,0,0,0,0,0,data scientist,na,M
95,Data Scientist,$86K-$142K (Glassdoor est.),3.8,201 - 500 ,2005,Company - Private,Consulting,Business Services,$25 to $50 million (USD),0,0,86,142,114.0,CA,16,1,1,1,1,1,0,0,1,0,1,0,0,0,0,0,0,data scientist,na,M
96,Data Scientist,$64K-$107K (Glassdoor est.),4.2,501 - 1000 ,2008,Company - Private,Enterprise Software & Network Solutions,Information Technology,$100 to $500 million (USD),0,0,64,107,85.5,FL,13,1,1,0,1,1,0,0,0,0,0,1,0,0,0,0,0,data scientist,na,na
97,Data Management Specialist,$31K-$65K (Glassdoor est.),4.5,51 - 200 ,1996,Company - Private,IT Services,Information Technology,$25 to $50 million (USD),0,0,31,65,48.0,AL,25,0,0,0,1,1,0,0,0,0,0,1,0,0,0,0,0,na,na,na
99,E-Commerce Data Analyst,$34K-$62K (Glassdoor est.),3.5,51 - 200 ,1999,Company - Private,Enterprise Software & Network Solutions,Information Technology,Unknown / Non-Applicable,0,0,34,62,48.0,LA,22,0,0,0,1,1,0,0,0,0,0,0,0,0,0,0,0,analyst,na,na
101,Sr. Scientist II,$117K-$231K (Glassdoor est.),3.5,201 - 500 ,1990,Company - Public,Biotech & Pharmaceuticals,Biotech & Pharmaceuticals,$100 to $500 million (USD),0,0,117,231,174.0,CA,31,0,0,0,1,0,0,0,0,0,0,0,0,0,0,0,0,other scientist,sr,M
102,Insurance Data Scientist,$64K-$106K (Glassdoor est.),3.9,5001 - 10000 ,1968,Company - Public,Financial Analytics & Research,Finance,$1 to $2 billion (USD),0,0,64,106,85.0,GA,53,1,1,0,0,1,1,0,0,0,0,0,0,0,0,0,0,data scientist,na,na
104,Data Modeler,$79K-$134K (Glassdoor est.),4.7,51 - 200 ,2003,Company - Private,IT Services,Information Technology,$10 to $25 million (USD),0,0,79,134,106.5,MD,18,0,0,0,0,0,0,0,0,0,0,0,0,0,0,0,0,data modeler,na,na
105,Data Analyst / Scientist,$52K-$93K (Glassdoor est.),4.2,1001 - 5000 ,1988,Company - Private,IT Services,Information Technology,$100 to $500 million (USD),0,0,52,93,72.5,MD,33,0,0,0,1,0,0,0,0,0,0,0,0,0,0,0,0,analyst,na,na
106,Scientist,$55K-$116K (Glassdoor est.),3.4,10000+ ,1996,Subsidiary or Business Segment,IT Services,Information Technology,$10+ billion (USD),0,0,55,116,85.5,MD,25,0,0,0,0,0,0,0,0,0,0,0,0,0,0,0,0,other scientist,na,M
107,Data Scientist,$72K-$123K (Glassdoor est.),3.2,5001 - 10000 ,1958,Nonprofit Organization,Federal Agencies,Government,$1 to $2 billion (USD),0,0,72,123,97.5,VA,63,1,0,0,1,1,1,0,0,0,0,0,1,1,0,1,0,data scientist,na,na
108,Data Scientist,$74K-$124K (Glassdoor est.),3.9,501 - 1000 ,2010,Company - Private,IT Services,Information Technology,$100 to $500 million (USD),0,0,74,124,99.0,VA,11,1,0,0,1,0,0,0,0,0,0,0,1,0,0,0,0,data scientist,na,na
109,Data Analyst,$40K-$73K (Glassdoor est.),3.1,1001 - 5000 ,2001,Company - Private,Insurance Carriers,Insurance,$2 to $5 billion (USD),0,0,40,73,56.5,WI,20,0,0,0,1,1,0,0,0,0,0,0,0,0,0,0,0,analyst,na,na
110,Lead Data Scientist,$102K-$164K (Glassdoor est.),4.1,1 - 50 ,2007,Company - Private,IT Services,Information Technology,Unknown / Non-Applicable,0,0,102,164,133.0,MD,14,1,0,0,0,0,0,0,0,0,0,0,0,0,0,0,0,data scientist,sr,na
112,Data Scientist,$89K-$153K (Glassdoor est.),3.8,51 - 200 ,2012,Company - Private,Research & Development,Business Services,Unknown / Non-Applicable,0,0,89,153,121.0,NY,9,1,1,0,0,0,0,1,1,1,1,0,0,0,0,0,0,data scientist,na,na
113,Data Scientist,$61K-$110K (Glassdoor est.),4.7,501 - 1000 ,1992,Company - Private,Security Services,Business Services,Unknown / Non-Applicable,0,0,61,110,85.5,NY,29,1,0,0,0,1,0,0,0,0,0,0,0,0,0,0,0,data scientist,na,M
116,"Data Scientist, Rice University",$65K-$110K (Glassdoor est.),4.3,1001 - 5000 ,2015,Subsidiary or Business Segment,Education Training Services,Education,Unknown / Non-Applicable,0,0,65,110,87.5,TX,6,1,0,0,0,1,0,0,0,0,1,0,0,0,0,0,0,data scientist,na,na
117,Senior Data Scientist,$200K-$275K(Employer est.),4.2,1001 - 5000 ,1935,Company - Private,Consulting,Business Services,Unknown / Non-Applicable,0,0,200,275,237.5,DC,86,1,0,0,1,0,0,0,0,0,0,0,0,0,0,0,0,data scientist,sr,M
118,Data Engineer,$68K-$123K (Glassdoor est.),3.9,1001 - 5000 ,1997,Company - Private,IT Services,Information Technology,$100 to $500 million (USD),0,0,68,123,95.5,NC,24,1,1,0,0,1,0,0,0,0,0,0,1,0,0,0,0,data engineer,na,M
119,Senior Data Scientist,$80K-$129K (Glassdoor est.),3.3,10000+ ,1994,Company - Public,Transportation Equipment Manufacturing,Manufacturing,$5 to $10 billion (USD),0,0,80,129,104.5,MI,27,1,1,1,1,1,0,0,0,0,0,0,0,1,0,0,0,data scientist,sr,M
120,Financial Data Analyst,$41K-$72K (Glassdoor est.),4.7,201 - 500 ,2012,Company - Private,Computer Hardware & Software,Information Technology,Unknown / Non-Applicable,0,0,41,72,56.5,NJ,9,0,0,0,1,1,0,0,0,0,0,0,1,0,0,0,0,analyst,na,na
122,Senior Data Analyst,$39K-$71K (Glassdoor est.),4.3,201 - 500 ,2010,Company - Private,Enterprise Software & Network Solutions,Information Technology,$25 to $50 million (USD),0,0,39,71,55.0,AZ,11,0,0,0,1,1,0,0,0,0,0,0,0,1,0,0,0,analyst,sr,na
123,Research Scientist,$38K-$85K (Glassdoor est.),2.9,1001 - 5000 ,1977,Hospital,Health Care Services & Hospitals,Health Care,Unknown / Non-Applicable,0,0,38,85,61.5,NE,44,0,0,0,1,0,0,0,0,0,0,0,0,0,0,0,0,other scientist,na,P
124,Data Scientist,$121K-$193K (Glassdoor est.),4.5,201 - 500 ,2006,Company - Private,Computer Hardware & Software,Information Technology,$100 to $500 million (USD),0,0,121,193,157.0,CA,15,0,1,1,0,0,0,0,0,0,0,0,0,0,0,0,0,data scientist,na,na
125,Data Engineer,$54K-$102K (Glassdoor est.),3.4,201 - 500 ,2019,Company - Private,Internet,Information Technology,Unknown / Non-Applicable,0,0,54,102,78.0,NJ,2,1,0,0,0,1,0,0,0,0,0,0,0,0,0,0,0,data engineer,na,na
126,Data Scientist,$83K-$144K (Glassdoor est.),3.7,10000+ ,1781,Company - Public,Biotech & Pharmaceuticals,Biotech & Pharmaceuticals,$10+ billion (USD),0,0,83,144,113.5,MA,240,1,1,0,0,1,0,0,0,0,1,0,0,0,0,0,0,data scientist,na,M
127,Data Scientist,$120K-$160K (Glassdoor est.),4.6,51 - 200 ,2009,Company - Private,Internet,Information Technology,$100 to $500 million (USD),0,0,120,160,140.0,NY,12,1,1,0,0,0,0,0,0,0,0,0,0,0,0,0,0,data scientist,na,na
128,Data Scientist,$102K-$163K (Glassdoor est.),3.2,51 - 200 ,2015,Company - Private,Enterprise Software & Network Solutions,Information Technology,Unknown / Non-Applicable,0,0,102,163,132.5,CA,6,0,1,0,1,0,0,0,0,0,1,0,0,0,0,0,0,data scientist,na,M
129,Data Engineer,$76K-$140K (Glassdoor est.),4.0,5001 - 10000 ,1982,Company - Public,Computer Hardware & Software,Information Technology,$2 to $5 billion (USD),0,0,76,140,108.0,CA,39,1,1,0,0,1,0,0,0,0,0,1,0,0,0,0,0,data engineer,na,M
130,Ag Data Scientist,$60K-$101K (Glassdoor est.),4.6,501 - 1000 ,1937,Company - Private,Farm Support Services,Agriculture & Forestry,$50 to $100 million (USD),0,0,60,101,80.5,IN,84,0,0,0,0,0,0,0,0,0,0,0,0,0,0,0,0,data scientist,na,na
131,Data Scientist,$82K-$133K (Glassdoor est.),2.8,201 - 500 ,2000,Company - Private,Health Care Services & Hospitals,Health Care,Unknown / Non-Applicable,0,0,82,133,107.5,MD,21,1,0,0,0,0,0,0,0,0,0,0,0,0,0,0,0,data scientist,na,M
132,Data Engineer,$65K-$125K (Glassdoor est.),4.7,51 - 200 ,1996,Company - Private,Consulting,Business Services,$25 to $50 million (USD),0,0,65,125,95.0,MN,25,0,1,1,0,1,0,0,0,0,0,1,0,0,1,0,0,data engineer,na,na
136,Data Scientist II,$91K-$148K (Glassdoor est.),3.0,1001 - 5000 ,1997,Nonprofit Organization,Health Care Services & Hospitals,Health Care,Unknown / Non-Applicable,0,0,91,148,119.5,CA,24,1,1,0,0,1,1,0,0,0,0,0,1,0,0,0,0,data scientist,na,M
137,Senior Data Engineer,$95K-$173K (Glassdoor est.),3.2,1001 - 5000 ,2000,Company - Private,Advertising & Marketing,Business Services,$1 to $2 billion (USD),0,0,95,173,134.0,NC,21,0,1,1,0,1,0,0,0,0,0,0,0,0,0,0,0,data engineer,sr,na
138,Data Scientist,$77K-$124K (Glassdoor est.),4.4,201 - 500 ,1999,Company - Private,Enterprise Software & Network Solutions,Information Technology,Unknown / Non-Applicable,0,0,77,124,100.5,MA,22,1,0,0,1,1,0,0,0,1,0,0,1,1,0,0,0,data scientist,na,na
139,Data Scientist,$80K-$135K (Glassdoor est.),3.5,1001 - 5000 ,1878,Company - Public,TV Broadcast & Cable Networks,Media,$500 million to $1 billion (USD),0,0,80,135,107.5,OH,143,1,0,0,0,1,0,0,0,0,0,0,1,0,0,0,0,data scientist,na,M
140,Data Engineer,$85K-$159K (Glassdoor est.),4.0,51 - 200 ,2015,Company - Private,Internet,Information Technology,Unknown / Non-Applicable,0,0,85,159,122.0,DC,6,1,1,1,0,1,0,0,0,0,0,0,0,0,0,0,0,data engineer,na,na
141,Data Engineer,$80K-$105K(Employer est.),4.3,1001 - 5000 ,1993,Company - Public,Real Estate,Real Estate,$2 to $5 billion (USD),0,0,80,105,92.5,IL,28,1,1,0,1,1,0,0,0,0,0,1,0,0,0,1,0,data engineer,na,na
142,Data Analyst,$43K-$81K (Glassdoor est.),2.3,501 - 1000 ,1986,Company - Private,Research & Development,Business Services,$100 to $500 million (USD),0,0,43,81,62.0,MD,35,0,0,0,1,1,0,0,0,0,0,0,0,0,0,0,0,analyst,na,na
143,Project Scientist,$29K-$50K (Glassdoor est.),4.0,51 - 200 ,2000,Other Organization,Architectural & Engineering Services,Business Services,$25 to $50 million (USD),0,0,29,50,39.5,AL,21,0,0,0,0,0,0,0,0,0,0,0,0,0,0,0,0,other scientist,na,na
145,Data Scientist,$82K-$133K (Glassdoor est.),3.6,1001 - 5000 ,1966,Company - Private,Industrial Manufacturing,Manufacturing,$100 to $500 million (USD),0,0,82,133,107.5,CA,55,0,0,0,1,0,0,0,0,0,0,0,1,0,0,0,1,data scientist,na,M
146,Data Analytics Manager,$26K-$55K (Glassdoor est.),3.8,501 - 1000 ,2017,Company - Private,Staffing & Outsourcing,Business Services,Unknown / Non-Applicable,0,0,26,55,40.5,MO,4,1,0,1,1,1,0,0,0,0,0,0,1,0,0,0,0,Data scientist project manager,na,na
147,Senior Machine Learning (ML) Engineer / Data Scientist - Cyber Security Analytics,$61K-$118K (Glassdoor est.),3.7,10000+ ,1958,Company - Public,IT Services,Information Technology,$10+ billion (USD),0,0,61,118,89.5,VA,63,1,1,0,0,1,0,0,0,0,0,1,1,0,0,0,0,data scientist,sr,M
148,Data Scientist,$60K-$102K (Glassdoor est.),4.4,201 - 500 ,2008,Company - Private,Consulting,Business Services,$50 to $100 million (USD),0,0,60,102,81.0,IL,13,1,0,1,1,1,0,0,0,0,0,1,1,0,0,0,0,data scientist,na,na
150,Senior Data Scientist,$112K-$182K (Glassdoor est.),4.0,501 - 1000 ,2012,Company - Private,Enterprise Software & Network Solutions,Information Technology,$100 to $500 million (USD),0,0,112,182,147.0,VA,9,1,0,1,0,0,0,1,0,0,1,0,0,0,0,0,0,data scientist,sr,na
152,Data Scientist,$64K-$106K (Glassdoor est.),3.2,1001 - 5000 ,1958,Company - Private,Brokerage Services,Finance,$100 to $500 million (USD),0,0,64,106,85.0,TX,63,1,0,0,1,1,1,0,0,0,0,0,1,1,0,0,0,data scientist,na,na
153,Associate Scientist,$51K-$112K (Glassdoor est.),2.9,1001 - 5000 ,1971,Company - Private,Consumer Products Manufacturing,Manufacturing,$1 to $2 billion (USD),0,0,51,112,81.5,CA,50,0,0,0,1,0,0,0,0,0,0,0,0,0,0,0,0,other scientist,na,M
154,"Scientist 2, QC Viral Vector",$113K-$223K (Glassdoor est.),3.8,1001 - 5000 ,1997,Company - Public,Biotech & Pharmaceuticals,Biotech & Pharmaceuticals,$500 million to $1 billion (USD),0,0,113,223,168.0,CA,24,0,0,0,1,0,0,0,0,0,0,0,0,0,0,0,0,other scientist,na,P
156,Machine Learning Engineer,$72K-$129K (Glassdoor est.),4.3,1 - 50 ,2007,Company - Private,Aerospace & Defense,Aerospace & Defense,Unknown / Non-Applicable,0,0,72,129,100.5,CO,14,1,1,1,1,1,0,0,0,0,1,1,0,0,0,0,0,machine learning engineer,na,na
157,Data Scientist/ML Engineer,$71K-$123K (Glassdoor est.),3.4,1001 - 5000 ,1943,Company - Private,Consulting,Business Services,$100 to $500 million (USD),0,0,71,123,97.0,NY,78,1,1,0,1,1,0,0,0,0,0,1,1,0,0,1,0,data scientist,na,M
158,Data Scientist,$64K-$106K (Glassdoor est.),4.1,5001 - 10000 ,1968,Company - Public,Research & Development,Business Services,$1 to $2 billion (USD),0,0,64,106,85.0,VA,53,0,0,0,0,1,0,0,0,0,0,1,0,0,0,0,0,data scientist,na,na
159,Customer Data Scientist,$118K-$189K (Glassdoor est.),4.3,201 - 500 ,2011,Company - Private,Enterprise Software & Network Solutions,Information Technology,Unknown / Non-Applicable,0,0,118,189,153.5,CA,10,1,1,1,1,0,0,0,0,0,0,1,0,0,0,0,0,data scientist,na,M
161,Data Engineer,Employer Provided Salary:$120K-$145K,5.0,51 - 200 ,2017,Company - Private,IT Services,Information Technology,Unknown / Non-Applicable,0,1,120,145,132.5,FL,4,0,0,0,0,0,0,0,0,0,0,0,0,0,0,0,0,data engineer,na,na
162,Data Engineer,$80K-$120K (Glassdoor est.),4.3,51 - 200 ,2008,Company - Private,Computer Hardware & Software,Information Technology,$10 to $25 million (USD),0,0,80,120,100.0,IL,13,0,1,0,1,1,0,0,0,0,0,0,0,0,0,0,0,data engineer,na,na
164,Sr. Data Scientist,$80K-$130K (Glassdoor est.),3.7,201 - 500 ,2011,Company - Private,Travel Agencies,Travel & Tourism,Unknown / Non-Applicable,0,0,80,130,105.0,CO,10,1,0,0,0,1,0,0,0,0,0,0,0,0,0,0,0,data scientist,sr,M
166,Data Engineer 4 - Contract,$59K-$115K (Glassdoor est.),4.2,10000+ ,-1,Nonprofit Organization,Religious Organizations,Non-Profit,Unknown / Non-Applicable,0,0,59,115,87.0,UT,-1,0,0,1,1,0,0,0,0,0,0,0,0,0,0,0,0,data engineer,na,M
167,Data Analyst - Asset Management,$71K-$136K (Glassdoor est.),4.3,51 - 200 ,2013,Company - Private,Real Estate,Real Estate,Unknown / Non-Applicable,0,0,71,136,103.5,CA,8,0,0,0,1,1,0,0,0,0,0,0,0,0,0,0,0,analyst,na,na
168,Senior Research Scientist - Embedded System Development for DevOps,$81K-$167K (Glassdoor est.),2.6,501 - 1000 ,1984,College / University,Colleges & Universities,Education,Unknown / Non-Applicable,0,0,81,167,124.0,PA,37,1,0,0,1,0,0,0,0,0,0,0,0,0,0,0,0,other scientist,sr,M
169,Data Scientist - Bioinformatics,$49K-$85K (Glassdoor est.),3.8,1001 - 5000 ,1965,Government,Energy,"Oil, Gas, Energy & Utilities",$500 million to $1 billion (USD),0,0,49,85,67.0,WA,56,1,0,0,0,0,0,0,0,0,0,0,0,0,0,0,0,data scientist,na,P
170,Data Engineer,$60K-$114K (Glassdoor est.),3.9,10000+ ,2000,Company - Private,IT Services,Information Technology,$2 to $5 billion (USD),0,0,60,114,87.0,DC,21,0,0,0,0,0,0,0,0,0,0,0,0,0,0,0,0,data engineer,na,M
171,Customer Data Scientist/Sales Engineer,$71K-$204K (Glassdoor est.),4.3,201 - 500 ,2011,Company - Private,Enterprise Software & Network Solutions,Information Technology,Unknown / Non-Applicable,0,0,71,204,137.5,IL,10,1,1,1,1,0,0,1,0,1,1,1,0,0,0,0,0,data scientist,na,P
172,Lead Data Scientist,$75K-$125K (Glassdoor est.),3.8,201 - 500 ,1987,Company - Private,Advertising & Marketing,Business Services,$100 to $500 million (USD),0,0,75,125,100.0,OH,34,1,0,0,1,1,0,0,0,1,0,0,0,1,0,0,0,data scientist,sr,M
174,MongoDB Data Engineer II,$77K-$136K (Glassdoor est.),3.8,5001 - 10000 ,1945,Nonprofit Organization,Insurance Carriers,Insurance,$5 to $10 billion (USD),0,0,77,136,106.5,TN,76,0,0,0,1,1,1,0,0,0,0,0,1,0,0,1,0,data engineer,na,na
175,Senior Data Scientist Statistics,$74K-$123K (Glassdoor est.),3.8,1001 - 5000 ,1965,Government,Energy,"Oil, Gas, Energy & Utilities",$500 million to $1 billion (USD),0,0,74,123,98.5,WA,56,0,0,0,0,0,0,0,0,0,0,0,0,0,0,0,0,data scientist,sr,P
177,Senior Data Analyst,$44K-$78K (Glassdoor est.),4.8,501 - 1000 ,2010,Company - Private,Security Services,Business Services,$100 to $500 million (USD),0,0,44,78,61.0,FL,11,1,0,0,1,1,0,0,0,0,0,0,0,0,0,0,0,analyst,sr,M
178,Senior Spark Engineer (Data Science),$65K-$148K (Glassdoor est.),4.4,51 - 200 ,2008,Company - Private,Consulting,Business Services,Unknown / Non-Applicable,0,0,65,148,106.5,IN,13,1,1,1,0,1,0,0,0,0,0,0,0,0,0,1,0,data scientist,sr,na
179,Data Engineer,$59K-$110K (Glassdoor est.),3.9,51 - 200 ,2005,Company - Private,Internet,Information Technology,Unknown / Non-Applicable,0,0,59,110,84.5,MA,16,1,1,0,0,1,0,0,0,0,0,0,0,0,0,0,0,data engineer,na,na
180,BI & Platform Analytics Manager,$85K-$134K (Glassdoor est.),3.4,1001 - 5000 ,1846,Company - Public,Consumer Products Manufacturing,Manufacturing,$2 to $5 billion (USD),0,0,85,134,109.5,NJ,175,1,0,0,1,0,0,0,0,0,0,0,1,1,0,0,0,Data scientist project manager,na,M
181,Lead Data Scientist,$124K-$204K (Glassdoor est.),3.6,5001 - 10000 ,1851,Company - Private,Insurance Carriers,Insurance,$10+ billion (USD),0,0,124,204,164.0,MA,170,1,1,1,0,1,0,0,0,1,0,1,0,0,0,0,0,data scientist,sr,P
182,"Sr. Data Scientist - Analytics, Personalized Healthcare (PHC)",$131K-$207K (Glassdoor est.),3.9,10000+ ,1976,Subsidiary or Business Segment,Biotech & Pharmaceuticals,Biotech & Pharmaceuticals,$10+ billion (USD),0,0,131,207,169.0,CA,45,1,1,0,1,1,0,0,0,0,0,1,0,0,0,0,0,data scientist,sr,P
183,Senior Data Scientist,$110K-$174K (Glassdoor est.),3.8,5001 - 10000 ,1996,Company - Public,Telecommunications Services,Telecommunications,$2 to $5 billion (USD),0,0,110,174,142.0,CA,25,1,1,1,1,0,0,0,0,1,1,0,0,0,1,0,0,data scientist,sr,P
185,Pricipal Scientist Molecular and cellular biologist,$52K-$101K (Glassdoor est.),3.7,10000+ ,1781,Company - Public,Biotech & Pharmaceuticals,Biotech & Pharmaceuticals,$10+ billion (USD),0,0,52,101,76.5,MA,240,0,0,0,1,0,0,0,0,0,0,0,0,0,0,0,0,other scientist,na,P
187,"Data Scientist (Actuary, FSA or ASA)",$81K-$133K (Glassdoor est.),3.8,501 - 1000 ,1981,Company - Private,Insurance Carriers,Insurance,$500 million to $1 billion (USD),0,0,81,133,107.0,MD,40,1,0,0,1,1,0,0,0,0,0,0,1,0,0,0,0,data scientist,na,M
188,Staff Data Scientist,$132K-$211K (Glassdoor est.),3.5,10000+ ,1970,Company - Public,Computer Hardware & Software,Information Technology,$10+ billion (USD),0,0,132,211,171.5,CA,51,1,0,1,0,1,0,0,0,0,0,1,0,0,0,0,0,data scientist,na,M
190,Senior Data Scientist / Machine Learning,$73K-$119K (Glassdoor est.),3.9,201 - 500 ,2013,Company - Private,Insurance Agencies & Brokerages,Insurance,Unknown / Non-Applicable,0,0,73,119,96.0,TX,8,0,0,0,1,0,0,0,0,0,0,0,0,0,0,0,0,data scientist,sr,P
191,Data Scientist - Health Data Analytics,$110K-$175K (Glassdoor est.),4.2,51 - 200 ,2010,Company - Private,Enterprise Software & Network Solutions,Information Technology,Unknown / Non-Applicable,0,0,110,175,142.5,CA,11,0,0,0,0,1,0,0,0,0,0,0,0,0,0,0,0,data scientist,na,na
192,Data Engineer 5 - Contract (Remote),$74K-$140K (Glassdoor est.),4.2,10000+ ,-1,Nonprofit Organization,Religious Organizations,Non-Profit,Unknown / Non-Applicable,0,0,74,140,107.0,UT,-1,0,0,0,1,0,0,0,0,0,0,0,0,0,0,0,0,data engineer,na,M
193,Senior Scientist - Neuroscience,$100K-$190K (Glassdoor est.),3.5,1001 - 5000 ,2010,Company - Private,Biotech & Pharmaceuticals,Biotech & Pharmaceuticals,$1 to $2 billion (USD),0,0,100,190,145.0,MA,11,1,0,0,1,0,0,0,0,0,0,0,0,0,0,0,0,other scientist,sr,P
194,Senior Data Analyst,$43K-$80K (Glassdoor est.),2.9,201 - 500 ,1993,Nonprofit Organization,Colleges & Universities,Education,$25 to $50 million (USD),0,0,43,80,61.5,VA,28,1,0,0,1,1,0,0,0,0,0,0,1,1,0,0,0,analyst,sr,M
197,Medical Lab Scientist,$17-$24 Per Hour(Glassdoor est.),3.6,5001 - 10000 ,2017,Nonprofit Organization,Health Care Services & Hospitals,Health Care,Unknown / Non-Applicable,1,0,35,49,42.0,PA,4,0,0,0,0,0,0,0,0,0,0,0,0,0,0,0,0,other scientist,na,na
198,"Risk and Analytics IT, Data Scientist",$91K-$149K (Glassdoor est.),2.7,51 - 200 ,1951,Government,Investment Banking & Asset Management,Finance,$50 to $100 million (USD),0,0,91,149,120.0,WI,70,1,0,0,0,1,0,0,0,0,0,0,1,1,0,0,0,data scientist,na,na
199,"Scientist, Analytical Development",$42K-$82K (Glassdoor est.),4.4,201 - 500 ,2013,Company - Public,Biotech & Pharmaceuticals,Biotech & Pharmaceuticals,$100 to $500 million (USD),0,0,42,82,62.0,MA,8,0,0,0,0,0,0,0,0,0,0,0,0,0,0,0,0,other scientist,na,P
200,Senior Data Scientist,$116K-$185K (Glassdoor est.),4.0,5001 - 10000 ,1982,Company - Public,Computer Hardware & Software,Information Technology,$2 to $5 billion (USD),0,0,116,185,150.5,CA,39,1,1,0,0,1,1,0,0,1,1,1,0,0,0,0,0,data scientist,sr,P
201,Analytics Manager,$59K-$116K (Glassdoor est.),4.3,201 - 500 ,1967,Company - Private,Advertising & Marketing,Business Services,Unknown / Non-Applicable,0,0,59,116,87.5,MI,54,0,0,0,1,1,0,0,0,0,0,0,1,0,0,0,0,Data scientist project manager,na,na
202,Data Engineer,$48K-$95K (Glassdoor est.),4.2,51 - 200 ,2006,Company - Public,Advertising & Marketing,Business Services,$25 to $50 million (USD),0,0,48,95,71.5,FL,15,1,1,1,1,1,0,0,0,0,0,1,0,0,0,0,0,data engineer,na,na
203,Digital Marketing & ECommerce Data Analyst,$31K-$72K (Glassdoor est.),3.6,51 - 200 ,2006,Subsidiary or Business Segment,"Department, Clothing, & Shoe Stores",Retail,$100 to $500 million (USD),0,0,31,72,51.5,CA,15,0,0,0,1,0,0,0,0,0,0,0,0,0,0,0,1,analyst,na,na
204,Sr. Scientist - Digital & Image Analysis/Computational Pathology,$105K-$198K (Glassdoor est.),3.7,10000+ ,1781,Company - Public,Biotech & Pharmaceuticals,Biotech & Pharmaceuticals,$10+ billion (USD),0,0,105,198,151.5,CA,240,0,0,0,1,0,0,0,0,0,0,0,0,0,0,0,0,other scientist,sr,M
205,Senior Data Analyst,$55K-$100K (Glassdoor est.),2.8,201 - 500 ,2014,Company - Private,IT Services,Information Technology,Unknown / Non-Applicable,0,0,55,100,77.5,NJ,7,1,0,0,1,1,0,0,0,0,0,0,1,0,0,0,0,analyst,sr,na
206,Principal Scientist - Immunologist,$98K-$182K (Glassdoor est.),3.7,10000+ ,1781,Company - Public,Biotech & Pharmaceuticals,Biotech & Pharmaceuticals,$10+ billion (USD),0,0,98,182,140.0,MA,240,0,0,0,1,0,0,0,0,0,0,0,0,0,0,0,0,other scientist,sr,M
207,Senior Data Scientist,$73K-$124K (Glassdoor est.),3.3,1001 - 5000 ,1982,Company - Private,Insurance Carriers,Insurance,$10 to $25 million (USD),0,0,73,124,98.5,NJ,39,0,0,0,1,1,1,0,0,0,0,0,0,0,0,0,0,data scientist,sr,M
208,Principal Data Scientist with over 10 years experience,Employer Provided Salary:$200K-$250K,-1.0,51 - 200 ,2017,Company - Private,IT Services,Information Technology,$5 to $10 million (USD),0,1,200,250,225.0,CA,4,1,0,1,1,0,0,0,0,0,0,0,1,0,0,0,0,data scientist,sr,na
209,MED TECH/LAB SCIENTIST - LABORATORY,$21-$34 Per Hour(Glassdoor est.),3.6,1001 - 5000 ,1935,Nonprofit Organization,Health Care Services & Hospitals,Health Care,$100 to $500 million (USD),1,0,43,70,56.5,DE,86,0,0,0,0,0,0,0,0,0,0,0,0,0,0,0,0,other scientist,na,na
210,"Sr. Scientist, Quantitative Translational Sciences",$117K-$206K (Glassdoor est.),3.7,10000+ ,1781,Company - Public,Biotech & Pharmaceuticals,Biotech & Pharmaceuticals,$10+ billion (USD),0,0,117,206,161.5,MA,240,0,0,0,0,0,0,0,0,0,0,0,0,0,0,0,0,other scientist,sr,M
211,Sr. Data Scientist II,$111K-$183K (Glassdoor est.),3.4,1001 - 5000 ,1948,Company - Public,Insurance Carriers,Insurance,$1 to $2 billion (USD),0,0,111,183,147.0,NY,73,1,1,1,0,1,0,1,1,1,1,1,0,0,0,0,0,data scientist,sr,na
212,Excel / VBA / SQL Data Analyst,$44K-$78K (Glassdoor est.),4.1,501 - 1000 ,1961,Company - Private,Energy,"Oil, Gas, Energy & Utilities",$1 to $2 billion (USD),0,0,44,78,61.0,MO,60,0,0,0,1,1,0,0,0,0,0,0,0,0,0,0,0,analyst,na,M
213,Machine Learning Research Scientist,$81K-$159K (Glassdoor est.),2.6,501 - 1000 ,1984,College / University,Colleges & Universities,Education,Unknown / Non-Applicable,0,0,81,159,120.0,PA,37,1,0,0,0,0,0,0,0,0,0,0,0,0,0,0,0,machine learning engineer,na,P
215,"VP, Data Science",$83K-$166K (Glassdoor est.),3.2,1001 - 5000 ,2008,Company - Public,Lending,Finance,$500 million to $1 billion (USD),0,0,83,166,124.5,AZ,13,1,0,0,1,1,0,1,0,0,1,0,0,0,0,0,0,data scientist,na,na
216,Senior Data Scientist,$114K-$182K (Glassdoor est.),3.9,51 - 200 ,2009,Company - Private,Financial Analytics & Research,Finance,$50 to $100 million (USD),0,0,114,182,148.0,CA,12,1,0,0,0,0,0,0,0,0,0,0,0,0,0,0,0,data scientist,sr,M
217,Radar Data Analyst,$42K-$76K (Glassdoor est.),4.7,51 - 200 ,1996,Company - Private,Aerospace & Defense,Aerospace & Defense,$25 to $50 million (USD),0,0,42,76,59.0,AL,25,1,0,0,1,0,0,0,0,0,0,0,0,0,0,0,0,analyst,na,na
221,PL Actuarial-Lead Data Scientist,$114K-$179K (Glassdoor est.),3.7,5001 - 10000 ,1852,Company - Public,Insurance Carriers,Insurance,$5 to $10 billion (USD),0,0,114,179,146.5,MA,169,1,0,0,1,1,1,0,0,0,0,0,0,0,0,0,0,data scientist,sr,M
223,PV Scientist,$60K-$123K (Glassdoor est.),2.9,201 - 500 ,-1,Company - Public,Biotech & Pharmaceuticals,Biotech & Pharmaceuticals,Unknown / Non-Applicable,0,0,60,123,91.5,MA,-1,0,0,0,1,0,0,0,0,0,0,0,0,0,0,0,0,other scientist,na,P
224,Senior Data & Machine Learning Scientist,$100K-$166K (Glassdoor est.),3.0,501 - 1000 ,2015,Company - Private,Biotech & Pharmaceuticals,Biotech & Pharmaceuticals,Unknown / Non-Applicable,0,0,100,166,133.0,IL,6,1,0,1,0,1,0,0,1,1,1,0,0,0,0,0,0,machine learning engineer,sr,P
225,Principal Data Scientist (Computational Chemistry),$108K-$173K (Glassdoor est.),4.7,51 - 200 ,2013,Company - Private,Biotech & Pharmaceuticals,Biotech & Pharmaceuticals,$1 to $5 million (USD),0,0,108,173,140.5,UT,8,1,0,1,0,0,0,1,1,1,1,0,0,0,0,0,0,data scientist,sr,na
226,Data Engineer,$48K-$93K (Glassdoor est.),3.7,501 - 1000 ,-1,Company - Private,Computer Hardware & Software,Information Technology,Unknown / Non-Applicable,0,0,48,93,70.5,LA,-1,0,0,0,1,1,0,0,0,0,0,0,0,0,0,0,0,data engineer,na,na
228,"Principal Scientist, Chemistry & Immunology",$54K-$115K (Glassdoor est.),3.3,10000+ ,2014,Hospital,Health Care Services & Hospitals,Health Care,$500 million to $1 billion (USD),0,0,54,115,84.5,NY,7,0,0,0,0,0,0,0,0,0,0,0,0,0,0,0,0,other scientist,sr,P
229,Software Engineer - Data Visualization,$60K-$127K (Glassdoor est.),4.0,51 - 200 ,2002,Company - Private,Computer Hardware & Software,Information Technology,$5 to $10 million (USD),0,0,60,127,93.5,MD,19,0,0,0,1,0,0,0,0,0,0,0,0,0,0,0,0,na,na,M
230,"Scientist/Senior Scientist, Autoimmune",$90K-$179K (Glassdoor est.),4.4,201 - 500 ,2013,Company - Public,Biotech & Pharmaceuticals,Biotech & Pharmaceuticals,$100 to $500 million (USD),0,0,90,179,134.5,MA,8,0,0,0,0,0,0,0,0,0,0,0,0,0,0,0,0,other scientist,sr,P
233,Staff Machine Learning Engineer,$138K-$224K (Glassdoor est.),3.9,201 - 500 ,2007,Company - Private,Internet,Information Technology,$10 to $25 million (USD),0,0,138,224,181.0,CA,14,1,1,0,0,1,0,0,0,1,1,0,0,0,0,0,0,machine learning engineer,na,na
234,"Principal Scientist, Hematology",$54K-$115K (Glassdoor est.),3.3,10000+ ,2014,Hospital,Health Care Services & Hospitals,Health Care,$500 million to $1 billion (USD),0,0,54,115,84.5,NY,7,0,0,0,0,0,0,0,0,0,0,0,0,0,0,0,0,other scientist,sr,P
235,Lead Data Engineer,$190K-$220K(Employer est.),4.1,51 - 200 ,2010,Company - Private,Internet,Information Technology,$50 to $100 million (USD),0,0,190,220,205.0,CA,11,1,1,1,0,1,0,0,0,0,0,0,0,0,0,0,0,data engineer,sr,na
239,Marketing Data Analyst,$35K-$62K (Glassdoor est.),3.6,1001 - 5000 ,1986,Company - Private,Gambling,"Arts, Entertainment & Recreation",$100 to $500 million (USD),0,0,35,62,48.5,CA,35,0,0,0,1,1,1,0,0,0,0,0,1,0,0,0,1,analyst,na,M
240,Medical Laboratory Scientist,$18-$25 Per Hour(Glassdoor est.),4.0,1001 - 5000 ,1977,Hospital,Health Care Services & Hospitals,Health Care,$50 to $100 million (USD),1,0,37,52,44.5,TX,44,0,0,1,0,0,0,0,0,0,0,0,0,0,0,0,0,other scientist,na,na
242,R&D Specialist/ Food Scientist,$39K-$66K (Glassdoor est.),2.4,501 - 1000 ,-1,Company - Private,Food & Beverage Manufacturing,Manufacturing,$100 to $500 million (USD),0,0,39,66,52.5,IL,-1,0,0,0,0,0,0,0,0,0,0,0,0,0,0,0,0,other scientist,na,na
243,Senior Research Scientist-Machine Learning,$81K-$167K (Glassdoor est.),2.6,501 - 1000 ,1984,College / University,Colleges & Universities,Education,Unknown / Non-Applicable,0,0,81,167,124.0,PA,37,0,0,0,0,0,0,0,0,0,0,0,0,0,0,0,0,machine learning engineer,sr,P
245,Analytics Manager - Data Mart,$42K-$86K (Glassdoor est.),3.5,501 - 1000 ,1996,Nonprofit Organization,Health Care Services & Hospitals,Health Care,$500 million to $1 billion (USD),0,0,42,86,64.0,CA,25,0,0,0,0,1,0,0,0,0,0,0,1,0,0,0,0,Data scientist project manager,na,na
246,Sr. Data Engineer - Contract-to-Hire (Java),$69K-$127K (Glassdoor est.),3.0,10000+ ,1958,Company - Private,Gas Stations,Retail,$10+ billion (USD),0,0,69,127,98.0,TN,63,1,0,0,0,1,0,0,0,0,0,0,0,0,0,0,0,data engineer,sr,M
247,MED TECH/LAB SCIENTIST- SOUTH COASTAL LAB,$21-$34 Per Hour(Glassdoor est.),3.6,1001 - 5000 ,1935,Nonprofit Organization,Health Care Services & Hospitals,Health Care,$100 to $500 million (USD),1,0,43,70,56.5,DE,86,0,0,0,0,0,0,0,0,0,0,0,0,0,0,0,0,other scientist,na,na
248,Food Scientist - Developer,$40K-$68K (Glassdoor est.),3.3,501 - 1000 ,1964,Company - Private,Food & Beverage Manufacturing,Manufacturing,Unknown / Non-Applicable,0,0,40,68,54.0,WI,57,0,0,0,0,0,0,0,0,0,0,0,0,0,0,0,0,other scientist,na,na
250,Staff Scientist-Downstream Process Development,$49K-$113K (Glassdoor est.),2.7,201 - 500 ,1961,Company - Private,Biotech & Pharmaceuticals,Biotech & Pharmaceuticals,$25 to $50 million (USD),0,0,49,113,81.0,MD,60,0,0,0,1,0,0,0,0,0,0,0,0,0,0,0,0,other scientist,na,P
251,Sr. Data Engineer,$75K-$140K (Glassdoor est.),3.4,1001 - 5000 ,2005,Company - Public,Transportation Management,Transportation & Logistics,$2 to $5 billion (USD),0,0,75,140,107.5,IL,16,0,0,0,0,1,0,0,0,0,0,0,0,0,0,0,0,data engineer,sr,na
253,Data Scientist - Quantitative,$86K-$139K (Glassdoor est.),3.8,501 - 1000 ,1995,Company - Private,Logistics & Supply Chain,Transportation & Logistics,Unknown / Non-Applicable,0,0,86,139,112.5,IL,26,1,0,1,1,1,0,0,0,0,0,0,0,0,0,1,0,data scientist,na,M
254,Data Scientist,$66K-$112K (Glassdoor est.),3.7,10000+ ,1995,Company - Public,Aerospace & Defense,Aerospace & Defense,$10+ billion (USD),0,0,66,112,89.0,VA,26,1,1,0,1,1,0,0,0,0,0,1,1,0,0,0,0,data scientist,na,na
255,Senior Research Statistician- Data Scientist,$76K-$125K (Glassdoor est.),4.8,1001 - 5000 ,1925,Company - Private,Insurance Carriers,Insurance,$1 to $2 billion (USD),0,0,76,125,100.5,WI,96,0,0,0,0,0,1,0,0,0,0,0,0,0,0,0,0,data scientist,sr,M
256,"Business Data Analyst, SQL",$44K-$86K (Glassdoor est.),3.8,1001 - 5000 ,2002,Company - Private,Travel Agencies,Travel & Tourism,$2 to $5 billion (USD),0,0,44,86,65.0,NY,19,0,0,0,1,1,0,0,0,0,0,0,1,1,0,0,0,analyst,na,na
257,Medical Technologist / Clinical Laboratory Scientist,$15-$25 Per Hour(Glassdoor est.),3.4,10000+ ,1930,Government,Federal Agencies,Government,Unknown / Non-Applicable,1,0,31,52,41.5,LA,91,0,0,0,0,0,0,0,0,0,0,0,0,0,0,0,0,other scientist,na,M
258,Data Scientist,$53K-$92K (Glassdoor est.),4.3,201 - 500 ,1999,Subsidiary or Business Segment,Consulting,Business Services,Unknown / Non-Applicable,0,0,53,92,72.5,TX,22,1,1,1,1,1,0,0,0,0,0,1,1,1,0,0,0,data scientist,na,M
259,Senior Data Analyst,$44K-$78K (Glassdoor est.),4.8,501 - 1000 ,2010,Company - Private,Security Services,Business Services,$100 to $500 million (USD),0,0,44,78,61.0,FL,11,1,0,0,1,1,0,0,0,0,0,0,0,0,0,0,0,analyst,sr,M
260,BI & Platform Analytics Manager,$85K-$134K (Glassdoor est.),3.4,1001 - 5000 ,1846,Company - Public,Consumer Products Manufacturing,Manufacturing,$2 to $5 billion (USD),0,0,85,134,109.5,NJ,175,1,0,0,1,0,0,0,0,0,0,0,1,1,0,0,0,Data scientist project manager,na,M
262,Data Engineer,$59K-$110K (Glassdoor est.),3.9,51 - 200 ,2005,Company - Private,Internet,Information Technology,Unknown / Non-Applicable,0,0,59,110,84.5,MA,16,1,1,0,0,1,0,0,0,0,0,0,0,0,0,0,0,data engineer,na,na
263,Data Scientist,$64K-$111K (Glassdoor est.),3.4,51 - 200 ,1992,Company - Private,Advertising & Marketing,Business Services,$10 to $25 million (USD),0,0,64,111,87.5,IL,29,0,0,0,0,1,1,0,0,0,0,0,0,0,0,0,0,data scientist,na,na
264,Data Analyst,$65K-$120K (Glassdoor est.),3.1,1001 - 5000 ,1997,Company - Public,Video Games,Media,$10+ billion (USD),0,0,65,120,92.5,CA,24,1,0,0,1,1,0,0,0,0,0,1,1,0,0,0,0,analyst,na,na
265,Associate Data Scientist/Computer Scientist,$60K-$103K (Glassdoor est.),3.2,5001 - 10000 ,1958,Nonprofit Organization,Federal Agencies,Government,$1 to $2 billion (USD),0,0,60,103,81.5,VA,63,1,1,0,0,0,0,0,0,0,0,1,0,0,0,0,0,data scientist,na,na
266,Business Intelligence Analyst / Developer,$53K-$105K (Glassdoor est.),4.3,1001 - 5000 ,1981,Company - Private,Trucking,Transportation & Logistics,Unknown / Non-Applicable,0,0,53,105,79.0,OH,40,0,0,0,0,1,0,0,0,0,0,0,0,0,0,0,0,analyst,na,na
267,Lead Data Scientist,$124K-$204K (Glassdoor est.),3.6,5001 - 10000 ,1851,Company - Private,Insurance Carriers,Insurance,$10+ billion (USD),0,0,124,204,164.0,MA,170,1,1,1,0,1,0,0,0,1,0,1,0,0,0,0,0,data scientist,sr,P
268,"Sr. Data Scientist - Analytics, Personalized Healthcare (PHC)",$131K-$207K (Glassdoor est.),3.9,10000+ ,1976,Subsidiary or Business Segment,Biotech & Pharmaceuticals,Biotech & Pharmaceuticals,$10+ billion (USD),0,0,131,207,169.0,CA,45,1,1,0,1,1,0,0,0,0,0,1,0,0,0,0,0,data scientist,sr,P
269,Senior Data Scientist,$110K-$174K (Glassdoor est.),3.8,5001 - 10000 ,1996,Company - Public,Telecommunications Services,Telecommunications,$2 to $5 billion (USD),0,0,110,174,142.0,CA,25,1,1,1,1,0,0,0,0,1,1,0,0,0,1,0,0,data scientist,sr,P
270,Data Analyst,$33K-$62K (Glassdoor est.),2.8,501 - 1000 ,-1,Nonprofit Organization,Social Assistance,Non-Profit,$50 to $100 million (USD),0,0,33,62,47.5,CA,-1,0,0,0,1,0,0,0,0,0,0,0,0,0,0,0,0,analyst,na,na
273,Pricipal Scientist Molecular and cellular biologist,$52K-$101K (Glassdoor est.),3.7,10000+ ,1781,Company - Public,Biotech & Pharmaceuticals,Biotech & Pharmaceuticals,$10+ billion (USD),0,0,52,101,76.5,MA,240,0,0,0,1,0,0,0,0,0,0,0,0,0,0,0,0,other scientist,na,P
274,Data Analyst,$48K-$90K (Glassdoor est.),3.4,51 - 200 ,2013,Company - Private,Enterprise Software & Network Solutions,Information Technology,Unknown / Non-Applicable,0,0,48,90,69.0,CA,8,1,0,0,1,1,0,0,0,0,0,0,1,1,0,0,0,analyst,na,na
275,Data Analyst,$34K-$64K (Glassdoor est.),4.0,201 - 500 ,1984,Company - Private,Computer Hardware & Software,Information Technology,$50 to $100 million (USD),0,0,34,64,49.0,ID,37,1,0,0,1,1,0,0,0,0,0,0,1,0,0,0,0,analyst,na,na
276,Staff Data Scientist,$132K-$211K (Glassdoor est.),3.5,10000+ ,1970,Company - Public,Computer Hardware & Software,Information Technology,$10+ billion (USD),0,0,132,211,171.5,CA,51,1,0,1,0,1,0,0,0,0,0,1,0,0,0,0,0,data scientist,na,M
277,"Data Scientist (Actuary, FSA or ASA)",$81K-$133K (Glassdoor est.),3.8,501 - 1000 ,1981,Company - Private,Insurance Carriers,Insurance,$500 million to $1 billion (USD),0,0,81,133,107.0,MD,40,1,0,0,1,1,0,0,0,0,0,0,1,0,0,0,0,data scientist,na,M
278,System and Data Analyst,$42K-$76K (Glassdoor est.),3.7,201 - 500 ,1996,Company - Private,Enterprise Software & Network Solutions,Information Technology,Unknown / Non-Applicable,0,0,42,76,59.0,NJ,25,0,0,0,1,0,0,0,0,0,0,0,0,0,0,0,0,analyst,na,M
281,Data Scientist,$66K-$111K (Glassdoor est.),3.5,201 - 500 ,2019,Company - Private,IT Services,Information Technology,$25 to $50 million (USD),0,0,66,111,88.5,IN,2,0,0,1,0,0,0,0,0,0,0,0,0,0,0,0,0,data scientist,na,M
282,Data Engineer 5 - Contract (Remote),$74K-$140K (Glassdoor est.),4.2,10000+ ,-1,Nonprofit Organization,Religious Organizations,Non-Profit,Unknown / Non-Applicable,0,0,74,140,107.0,UT,-1,0,0,0,1,0,0,0,0,0,0,0,0,0,0,0,0,data engineer,na,M
284,Digital Health Data Scientist,$63K-$110K (Glassdoor est.),4.0,10000+ ,1849,Company - Public,Biotech & Pharmaceuticals,Biotech & Pharmaceuticals,$10+ billion (USD),0,0,63,110,86.5,MA,172,1,0,1,1,0,0,0,0,0,0,0,0,0,0,0,0,data scientist,na,na
285,Data Scientist,$63K-$105K (Glassdoor est.),4.3,51 - 200 ,1935,Nonprofit Organization,Logistics & Supply Chain,Transportation & Logistics,$10 to $25 million (USD),0,0,63,105,84.0,KY,86,1,0,0,1,1,0,0,0,0,0,0,1,0,0,0,0,data scientist,na,M
288,Data & Analytics Consultant (NYC),$91K-$138K (Glassdoor est.),4.7,201 - 500 ,1992,Company - Private,Consulting,Business Services,$50 to $100 million (USD),0,0,91,138,114.5,NY,29,1,0,0,1,1,0,0,0,0,0,0,1,0,0,0,0,data analitics,na,M
289,Senior Scientist - Neuroscience,$100K-$190K (Glassdoor est.),3.5,1001 - 5000 ,2010,Company - Private,Biotech & Pharmaceuticals,Biotech & Pharmaceuticals,$1 to $2 billion (USD),0,0,100,190,145.0,MA,11,1,0,0,1,0,0,0,0,0,0,0,0,0,0,0,0,other scientist,sr,P
290,Data Engineer,$62K-$114K (Glassdoor est.),4.4,1001 - 5000 ,2006,Company - Public,Internet,Information Technology,$100 to $500 million (USD),0,0,62,114,88.0,TN,15,1,1,1,1,1,0,0,0,0,0,1,0,0,0,0,0,data engineer,na,na
291,Big Data Engineer - Chicago - Future Opportunity,$71K-$129K (Glassdoor est.),4.1,501 - 1000 ,2001,Company - Private,Internet,Information Technology,$100 to $500 million (USD),0,0,71,129,100.0,IL,20,1,1,1,0,1,0,0,0,0,0,1,0,0,0,0,0,data engineer,na,na
292,Senior Data Analyst,$43K-$80K (Glassdoor est.),2.9,201 - 500 ,1993,Nonprofit Organization,Colleges & Universities,Education,$25 to $50 million (USD),0,0,43,80,61.5,VA,28,1,0,0,1,1,0,0,0,0,0,0,1,1,0,0,0,analyst,sr,M
293,Data Scientist,$74K-$119K (Glassdoor est.),2.5,1001 - 5000 ,1999,Company - Public,Advertising & Marketing,Business Services,$1 to $2 billion (USD),0,0,74,119,96.5,OR,22,1,1,0,0,1,0,0,0,0,0,0,0,0,0,0,0,data scientist,na,na
295,Survey Data Analyst,$55K-$97K (Glassdoor est.),4.2,201 - 500 ,1992,Company - Private,Consulting,Business Services,Unknown / Non-Applicable,0,0,55,97,76.0,MN,29,1,0,0,1,1,0,0,0,0,0,0,0,0,0,0,0,analyst,na,na
296,Data Scientist,$15K-$16K(Employer est.),3.9,1001 - 5000 ,1966,Company - Private,Research & Development,Business Services,$100 to $500 million (USD),0,0,15,16,15.5,NY,55,0,0,0,1,0,0,0,0,0,0,0,0,0,0,0,0,data scientist,na,na
299,Data Scientist,$61K-$106K (Glassdoor est.),4.3,1 - 50 ,2010,Company - Private,Advertising & Marketing,Business Services,Unknown / Non-Applicable,0,0,61,106,83.5,TX,11,1,0,0,1,1,0,0,0,0,0,0,0,0,0,0,1,data scientist,na,na
300,"Risk and Analytics IT, Data Scientist",$91K-$149K (Glassdoor est.),2.7,51 - 200 ,1951,Government,Investment Banking & Asset Management,Finance,$50 to $100 million (USD),0,0,91,149,120.0,WI,70,1,0,0,0,1,0,0,0,0,0,0,1,1,0,0,0,data scientist,na,na
302,Data Scientist,$127K-$199K (Glassdoor est.),3.9,10000+ ,1976,Subsidiary or Business Segment,Biotech & Pharmaceuticals,Biotech & Pharmaceuticals,$10+ billion (USD),0,0,127,199,163.0,CA,45,0,0,0,1,1,1,0,0,0,0,0,0,0,0,0,0,data scientist,na,M
305,Lead Health Data Analyst - Front End,$74K-$126K (Glassdoor est.),3.4,501 - 1000 ,1939,Nonprofit Organization,Insurance Carriers,Insurance,Unknown / Non-Applicable,0,0,74,126,100.0,RI,82,0,0,1,0,1,1,0,0,0,0,0,0,0,0,0,0,analyst,sr,na
306,Research Scientist,$33K-$72K (Glassdoor est.),3.8,1001 - 5000 ,1917,Nonprofit Organization,Social Assistance,Non-Profit,Unknown / Non-Applicable,0,0,33,72,52.5,NE,104,0,0,0,1,0,0,0,0,0,0,0,0,0,0,0,0,other scientist,na,P
307,Medical Lab Scientist,$17-$24 Per Hour(Glassdoor est.),3.6,5001 - 10000 ,2017,Nonprofit Organization,Health Care Services & Hospitals,Health Care,Unknown / Non-Applicable,1,0,35,49,42.0,PA,4,0,0,0,0,0,0,0,0,0,0,0,0,0,0,0,0,other scientist,na,na
308,Junior Data Analyst,$37K-$63K (Glassdoor est.),3.3,501 - 1000 ,1883,Nonprofit Organization,Health Care Services & Hospitals,Health Care,Unknown / Non-Applicable,0,0,37,63,50.0,DC,138,0,0,0,1,1,0,0,0,0,0,0,1,1,0,0,0,analyst,jr,M
309,SQL Data Engineer,$67K-$119K (Glassdoor est.),3.4,201 - 500 ,2006,Company - Private,Consulting,Business Services,$50 to $100 million (USD),0,0,67,119,93.0,TX,15,1,0,1,0,1,0,0,0,0,0,1,1,1,0,0,0,data engineer,na,M
310,Data Scientist,$72K-$117K (Glassdoor est.),3.0,1001 - 5000 ,1887,Company - Private,Insurance Agencies & Brokerages,Insurance,$2 to $5 billion (USD),0,0,72,117,94.5,OH,134,1,0,0,0,1,1,0,0,0,0,0,0,0,0,0,0,data scientist,na,na
311,Senior Data Scientist,$116K-$185K (Glassdoor est.),4.0,5001 - 10000 ,1982,Company - Public,Computer Hardware & Software,Information Technology,$2 to $5 billion (USD),0,0,116,185,150.5,CA,39,1,1,0,0,1,1,0,0,1,1,1,0,0,0,0,0,data scientist,sr,P
312,Data Scientist,$78K-$126K (Glassdoor est.),3.7,1001 - 5000 ,2004,Company - Public,Insurance Carriers,Insurance,$5 to $10 billion (USD),0,0,78,126,102.0,NC,17,1,1,1,1,1,1,0,0,1,0,1,1,0,0,0,0,data scientist,na,M
313,"Scientist, Analytical Development",$42K-$82K (Glassdoor est.),4.4,201 - 500 ,2013,Company - Public,Biotech & Pharmaceuticals,Biotech & Pharmaceuticals,$100 to $500 million (USD),0,0,42,82,62.0,MA,8,0,0,0,0,0,0,0,0,0,0,0,0,0,0,0,0,other scientist,na,P
314,Analytics Manager,$59K-$116K (Glassdoor est.),4.3,201 - 500 ,1967,Company - Private,Advertising & Marketing,Business Services,Unknown / Non-Applicable,0,0,59,116,87.5,MI,54,0,0,0,1,1,0,0,0,0,0,0,1,0,0,0,0,Data scientist project manager,na,na
316,Clinical Data Scientist,$63K-$105K (Glassdoor est.),4.0,10000+ ,1849,Company - Public,Biotech & Pharmaceuticals,Biotech & Pharmaceuticals,$10+ billion (USD),0,0,63,105,84.0,CT,172,0,0,1,1,0,0,0,0,0,0,0,0,0,0,0,0,data scientist,na,M
317,Data Scientist,$109K-$177K (Glassdoor est.),4.0,501 - 1000 ,2012,Company - Private,Enterprise Software & Network Solutions,Information Technology,$100 to $500 million (USD),0,0,109,177,143.0,VA,9,1,0,1,0,0,0,1,0,0,1,0,0,0,0,0,0,data scientist,na,na
318,"Sr. Data Scientist, Cyber-Security LT Contract",$116K-$194K (Glassdoor est.),3.2,1 - 50 ,-1,Company - Private,Staffing & Outsourcing,Business Services,$5 to $10 million (USD),0,0,116,194,155.0,PA,-1,1,1,1,1,0,0,0,0,1,0,1,0,0,0,0,0,data scientist,sr,M
319,Data Engineer,$48K-$95K (Glassdoor est.),4.2,51 - 200 ,2006,Company - Public,Advertising & Marketing,Business Services,$25 to $50 million (USD),0,0,48,95,71.5,FL,15,1,1,1,1,1,0,0,0,0,0,1,0,0,0,0,0,data engineer,na,na
320,Data Scientist,$83K-$133K (Glassdoor est.),3.9,51 - 200 ,2000,Company - Private,Insurance Carriers,Insurance,$10 to $25 million (USD),0,0,83,133,108.0,CA,21,1,1,0,0,1,1,0,1,1,1,0,0,0,0,0,0,data scientist,na,M
322,Sr. Scientist - Digital & Image Analysis/Computational Pathology,$105K-$198K (Glassdoor est.),3.7,10000+ ,1781,Company - Public,Biotech & Pharmaceuticals,Biotech & Pharmaceuticals,$10+ billion (USD),0,0,105,198,151.5,CA,240,0,0,0,1,0,0,0,0,0,0,0,0,0,0,0,0,other scientist,sr,M
323,Digital Marketing & ECommerce Data Analyst,$31K-$72K (Glassdoor est.),3.6,51 - 200 ,2006,Subsidiary or Business Segment,"Department, Clothing, & Shoe Stores",Retail,$100 to $500 million (USD),0,0,31,72,51.5,CA,15,0,0,0,1,0,0,0,0,0,0,0,0,0,0,0,1,analyst,na,na
324,Principal Scientist - Immunologist,$98K-$182K (Glassdoor est.),3.7,10000+ ,1781,Company - Public,Biotech & Pharmaceuticals,Biotech & Pharmaceuticals,$10+ billion (USD),0,0,98,182,140.0,MA,240,0,0,0,1,0,0,0,0,0,0,0,0,0,0,0,0,other scientist,sr,M
325,Senior Data Analyst,$55K-$100K (Glassdoor est.),2.8,201 - 500 ,2014,Company - Private,IT Services,Information Technology,Unknown / Non-Applicable,0,0,55,100,77.5,NJ,7,1,0,0,1,1,0,0,0,0,0,0,1,0,0,0,0,analyst,sr,na
326,Insurance Financial Data Analyst,$45K-$82K (Glassdoor est.),4.2,501 - 1000 ,2004,Company - Private,Investment Banking & Asset Management,Finance,$50 to $100 million (USD),0,0,45,82,63.5,ID,17,0,0,0,1,1,0,0,0,0,0,0,0,0,0,0,0,analyst,na,na
328,Data Scientist,$83K-$135K (Glassdoor est.),4.0,1 - 50 ,-1,Company - Private,IT Services,Information Technology,Less than $1 million (USD),0,0,83,135,109.0,CA,-1,1,0,0,0,1,0,0,0,0,0,0,1,0,0,0,0,data scientist,na,na
330,Data Scientist,$70K-$122K (Glassdoor est.),3.5,5001 - 10000 ,1850,Company - Public,Aerospace & Defense,Aerospace & Defense,$500 million to $1 billion (USD),0,0,70,122,96.0,TN,171,1,0,0,0,0,0,1,1,0,1,0,0,0,0,0,0,data scientist,na,M
331,Principal Data Scientist with over 10 years experience,Employer Provided Salary:$200K-$250K,-1.0,51 - 200 ,2017,Company - Private,IT Services,Information Technology,$5 to $10 million (USD),0,1,200,250,225.0,CA,4,1,0,1,1,0,0,0,0,0,0,0,1,0,0,0,0,data scientist,sr,na
332,Data Engineer,$70K-$132K (Glassdoor est.),3.2,1001 - 5000 ,2008,Company - Public,Lending,Finance,$500 million to $1 billion (USD),0,0,70,132,101.0,CA,13,1,0,1,1,1,0,0,0,0,0,0,1,0,0,0,0,data engineer,na,na
333,Senior Data Scientist,$73K-$124K (Glassdoor est.),3.3,1001 - 5000 ,1982,Company - Private,Insurance Carriers,Insurance,$10 to $25 million (USD),0,0,73,124,98.5,NJ,39,0,0,0,1,1,1,0,0,0,0,0,0,0,0,0,0,data scientist,sr,M
334,Data Engineer I - Azure,$54K-$101K (Glassdoor est.),3.9,1001 - 5000 ,1948,Company - Private,Industrial Manufacturing,Manufacturing,$1 to $2 billion (USD),0,0,54,101,77.5,IA,73,0,0,0,1,1,0,0,0,0,0,1,0,0,0,0,0,data engineer,na,na
335,"Sr. Scientist, Quantitative Translational Sciences",$117K-$206K (Glassdoor est.),3.7,10000+ ,1781,Company - Public,Biotech & Pharmaceuticals,Biotech & Pharmaceuticals,$10+ billion (USD),0,0,117,206,161.5,MA,240,0,0,0,0,0,0,0,0,0,0,0,0,0,0,0,0,other scientist,sr,M
337,MED TECH/LAB SCIENTIST - LABORATORY,$21-$34 Per Hour(Glassdoor est.),3.6,1001 - 5000 ,1935,Nonprofit Organization,Health Care Services & Hospitals,Health Care,$100 to $500 million (USD),1,0,43,70,56.5,DE,86,0,0,0,0,0,0,0,0,0,0,0,0,0,0,0,0,other scientist,na,na
339,Sr. Data Scientist II,$111K-$183K (Glassdoor est.),3.4,1001 - 5000 ,1948,Company - Public,Insurance Carriers,Insurance,$1 to $2 billion (USD),0,0,111,183,147.0,NY,73,1,1,1,0,1,0,1,1,1,1,1,0,0,0,0,0,data scientist,sr,na
341,Data Scientist,$68K-$112K (Glassdoor est.),3.5,10000+ ,1997,Company - Public,IT Services,Information Technology,Unknown / Non-Applicable,0,0,68,112,90.0,CA,24,1,0,0,1,1,0,1,0,1,0,0,1,0,0,0,0,data scientist,na,na
342,Information Security Data Analyst,$42K-$74K (Glassdoor est.),4.3,501 - 1000 ,1902,Company - Public,Banks & Credit Unions,Finance,$5 to $10 billion (USD),0,0,42,74,58.0,NJ,119,0,0,1,0,1,0,0,0,0,0,0,0,0,0,0,0,analyst,na,na
344,Excel / VBA / SQL Data Analyst,$44K-$78K (Glassdoor est.),4.1,501 - 1000 ,1961,Company - Private,Energy,"Oil, Gas, Energy & Utilities",$1 to $2 billion (USD),0,0,44,78,61.0,MO,60,0,0,0,1,1,0,0,0,0,0,0,0,0,0,0,0,analyst,na,M
346,Machine Learning Research Scientist,$81K-$159K (Glassdoor est.),2.6,501 - 1000 ,1984,College / University,Colleges & Universities,Education,Unknown / Non-Applicable,0,0,81,159,120.0,PA,37,1,0,0,0,0,0,0,0,0,0,0,0,0,0,0,0,machine learning engineer,na,P
347,Data Scientist,$95K-$161K (Glassdoor est.),3.6,1001 - 5000 ,1744,Company - Public,Auctions & Galleries,Retail,$500 million to $1 billion (USD),0,0,95,161,128.0,NY,277,1,0,0,0,0,0,0,0,0,0,0,0,0,0,0,0,data scientist,na,na
348,Data Scientist,$75K-$124K (Glassdoor est.),3.5,1001 - 5000 ,1952,Company - Private,Banks & Credit Unions,Finance,$100 to $500 million (USD),0,0,75,124,99.5,OR,69,1,1,1,1,1,0,1,0,1,1,0,1,0,0,0,0,data scientist,na,na
349,Data Scientist,$72K-$120K (Glassdoor est.),3.6,1001 - 5000 ,1997,Company - Private,Real Estate,Real Estate,$500 million to $1 billion (USD),0,0,72,120,96.0,MI,24,1,0,0,0,1,1,0,0,0,0,0,0,0,0,0,0,data scientist,na,M
350,Data Scientist,$76K-$126K (Glassdoor est.),2.3,201 - 500 ,2003,Company - Public,Biotech & Pharmaceuticals,Biotech & Pharmaceuticals,$100 to $500 million (USD),0,0,76,126,101.0,DC,18,1,0,0,1,1,0,0,0,0,0,0,1,0,0,0,0,data scientist,na,M
351,Senior Data Scientist,$114K-$182K (Glassdoor est.),3.9,51 - 200 ,2009,Company - Private,Financial Analytics & Research,Finance,$50 to $100 million (USD),0,0,114,182,148.0,CA,12,1,0,0,0,0,0,0,0,0,0,0,0,0,0,0,0,data scientist,sr,M
352,"Data Scientist, Senior",$108K-$176K (Glassdoor est.),4.0,501 - 1000 ,2012,Company - Private,Enterprise Software & Network Solutions,Information Technology,$100 to $500 million (USD),0,0,108,176,142.0,VA,9,1,0,1,0,1,0,0,0,0,0,0,0,0,0,1,0,data scientist,sr,na
353,Senior Data Scientist,$130K-$208K (Glassdoor est.),4.1,1 - 50 ,2007,Company - Private,K-12 Education,Education,Unknown / Non-Applicable,0,0,130,208,169.0,CA,14,0,0,1,1,1,1,0,0,0,0,0,1,0,0,1,0,data scientist,sr,M
354,"VP, Data Science",$83K-$166K (Glassdoor est.),3.2,1001 - 5000 ,2008,Company - Public,Lending,Finance,$500 million to $1 billion (USD),0,0,83,166,124.5,AZ,13,1,0,0,1,1,0,1,0,0,1,0,0,0,0,0,0,data scientist,na,na
355,Radar Data Analyst,$42K-$76K (Glassdoor est.),4.7,51 - 200 ,1996,Company - Private,Aerospace & Defense,Aerospace & Defense,$25 to $50 million (USD),0,0,42,76,59.0,AL,25,1,0,0,1,0,0,0,0,0,0,0,0,0,0,0,0,analyst,na,na
356,CONSULTANT– DATA ANALYTICS GROUP,$37K-$68K (Glassdoor est.),4.2,51 - 200 ,1987,Company - Private,Consulting,Business Services,$10 to $25 million (USD),0,0,37,68,52.5,CA,34,1,0,0,0,1,0,0,0,0,0,0,0,0,0,0,0,data analitics,na,na
357,Data Engineer,$52K-$99K (Glassdoor est.),4.6,501 - 1000 ,1982,Company - Private,IT Services,Information Technology,$50 to $100 million (USD),0,0,52,99,75.5,TX,39,0,1,0,0,1,0,0,0,0,0,1,1,1,0,0,0,data engineer,na,na
358,Senior Data Scientist,$105K-$173K (Glassdoor est.),3.7,10000+ ,1863,Company - Public,Insurance Agencies & Brokerages,Insurance,$10+ billion (USD),0,0,105,173,139.0,NY,158,1,0,0,1,1,0,0,0,0,0,0,0,0,0,0,0,data scientist,sr,M
362,"Data Engineer, Data Engineering and Artifical Intelligence",$71K-$134K (Glassdoor est.),3.7,10000+ ,1781,Company - Public,Biotech & Pharmaceuticals,Biotech & Pharmaceuticals,$10+ billion (USD),0,0,71,134,102.5,MA,240,1,1,1,1,1,0,0,0,0,0,1,1,0,0,1,0,data engineer,na,na
364,Staff Scientist,$39K-$82K (Glassdoor est.),4.4,201 - 500 ,1929,Company - Private,Architectural & Engineering Services,Business Services,$25 to $50 million (USD),0,0,39,82,60.5,SC,92,0,0,0,0,0,0,0,0,0,0,0,0,0,0,0,0,other scientist,na,na
366,PL Actuarial-Lead Data Scientist,$114K-$179K (Glassdoor est.),3.7,5001 - 10000 ,1852,Company - Public,Insurance Carriers,Insurance,$5 to $10 billion (USD),0,0,114,179,146.5,MA,169,1,0,0,1,1,1,0,0,0,0,0,0,0,0,0,0,data scientist,sr,M
367,"Associate Scientist/Scientist, Process Analytical Technology - Small Molecule Analytical Chemistry",$88K-$162K (Glassdoor est.),3.9,10000+ ,1976,Subsidiary or Business Segment,Biotech & Pharmaceuticals,Biotech & Pharmaceuticals,$10+ billion (USD),0,0,88,162,125.0,CA,45,0,0,0,1,0,0,0,0,0,0,0,0,0,0,0,0,other scientist,na,P
368,Sr. Data Analyst,$60K-$102K (Glassdoor est.),3.6,5001 - 10000 ,1851,Company - Private,Insurance Carriers,Insurance,$10+ billion (USD),0,0,60,102,81.0,MA,170,1,0,0,0,1,0,0,0,0,0,0,1,0,0,0,0,analyst,sr,na
369,Senior Data & Machine Learning Scientist,$100K-$166K (Glassdoor est.),3.0,501 - 1000 ,2015,Company - Private,Biotech & Pharmaceuticals,Biotech & Pharmaceuticals,Unknown / Non-Applicable,0,0,100,166,133.0,IL,6,1,0,1,0,1,0,0,1,1,1,0,0,0,0,0,0,machine learning engineer,sr,P
370,Program/Data Analyst,$55K-$99K (Glassdoor est.),3.4,10000+ ,1996,Subsidiary or Business Segment,IT Services,Information Technology,$10+ billion (USD),0,0,55,99,77.0,DC,25,0,0,0,1,1,0,0,0,0,0,0,1,0,0,0,0,analyst,na,M
371,Data Engineer,$67K-$117K (Glassdoor est.),4.1,5001 - 10000 ,1968,Company - Public,Research & Development,Business Services,$1 to $2 billion (USD),0,0,67,117,92.0,VA,53,0,0,0,0,1,0,0,0,0,0,1,0,0,0,0,0,data engineer,na,na
372,Senior Data Scientist: Causal & Predictive analytics AI Innovation Lab,$92K-$150K (Glassdoor est.),3.8,10000+ ,1996,Company - Public,Biotech & Pharmaceuticals,Biotech & Pharmaceuticals,$10+ billion (USD),0,0,92,150,121.0,MA,25,0,0,0,0,0,0,0,0,0,0,0,0,0,0,0,0,data scientist,sr,na
375,"Principal Data Engineer, Data Platform & Insights",$116K-$209K (Glassdoor est.),4.0,5001 - 10000 ,1982,Company - Public,Computer Hardware & Software,Information Technology,$2 to $5 billion (USD),0,0,116,209,162.5,CA,39,1,1,0,1,1,0,0,0,0,0,0,0,0,0,0,0,data engineer,sr,na
376,RESEARCH SCIENTIST - BIOLOGICAL SAFETY,$38K-$82K (Glassdoor est.),3.9,1001 - 5000 ,1947,Nonprofit Organization,Research & Development,Business Services,$500 million to $1 billion (USD),0,0,38,82,60.0,TX,74,0,0,0,0,0,0,0,0,0,0,0,0,0,0,0,0,other scientist,na,na
377,Data Operations Lead,Employer Provided Salary:$85K-$90K,-1.0,201 - 500 ,-1,Nonprofit Organization,-1,-1,Unknown / Non-Applicable,0,1,85,90,87.5,CA,-1,1,0,0,1,1,0,0,0,0,0,0,1,0,0,0,0,na,sr,M
379,Big Data Engineer,$62K-$119K (Glassdoor est.),4.4,1 - 50 ,2015,Company - Private,Enterprise Software & Network Solutions,Information Technology,Unknown / Non-Applicable,0,0,62,119,90.5,IN,6,1,1,0,0,0,0,0,0,0,0,1,0,0,0,0,0,data engineer,na,na
380,Data Scientist / Machine Learning Expert,$86K-$143K (Glassdoor est.),3.8,10000+ ,1996,Company - Public,Biotech & Pharmaceuticals,Biotech & Pharmaceuticals,$10+ billion (USD),0,0,86,143,114.5,MA,25,1,0,0,0,0,0,0,1,1,0,0,0,0,0,0,0,data scientist,na,na
381,Data Scientist,$93K-$149K (Glassdoor est.),3.8,5001 - 10000 ,1996,Company - Public,Telecommunications Services,Telecommunications,$2 to $5 billion (USD),0,0,93,149,121.0,CA,25,1,1,0,1,1,0,1,0,1,1,0,0,0,0,1,0,data scientist,na,M
382,Senior Data Scientist,$84K-$136K (Glassdoor est.),2.2,501 - 1000 ,1993,Subsidiary or Business Segment,Advertising & Marketing,Business Services,$50 to $100 million (USD),0,0,84,136,110.0,TX,28,0,0,0,0,0,0,0,0,0,0,0,1,0,0,0,0,data scientist,sr,M
383,PV Scientist,$60K-$123K (Glassdoor est.),2.9,201 - 500 ,-1,Company - Public,Biotech & Pharmaceuticals,Biotech & Pharmaceuticals,Unknown / Non-Applicable,0,0,60,123,91.5,MA,-1,0,0,0,1,0,0,0,0,0,0,0,0,0,0,0,0,other scientist,na,P
384,Clinical Data Analyst,$52K-$89K (Glassdoor est.),4.1,5001 - 10000 ,1968,Company - Public,Research & Development,Business Services,$1 to $2 billion (USD),0,0,52,89,70.5,VA,53,0,0,0,0,0,0,0,0,0,0,0,0,0,0,0,0,analyst,na,na
386,Data Engineer,$48K-$93K (Glassdoor est.),3.7,501 - 1000 ,-1,Company - Private,Computer Hardware & Software,Information Technology,Unknown / Non-Applicable,0,0,48,93,70.5,LA,-1,0,0,0,1,1,0,0,0,0,0,0,0,0,0,0,0,data engineer,na,na
387,Computational Chemist/Data Scientist,$56K-$97K (Glassdoor est.),3.8,1001 - 5000 ,1965,Government,Energy,"Oil, Gas, Energy & Utilities",$500 million to $1 billion (USD),0,0,56,97,76.5,WA,56,1,0,0,0,0,0,0,0,0,0,0,0,0,0,0,0,data scientist,na,P
388,Data Engineer,$65K-$119K (Glassdoor est.),3.6,5001 - 10000 ,1851,Company - Private,Insurance Carriers,Insurance,$10+ billion (USD),0,0,65,119,92.0,MA,170,1,1,0,1,0,0,0,0,0,0,0,0,0,0,0,0,data engineer,na,na
390,Principal Data Scientist (Computational Chemistry),$108K-$173K (Glassdoor est.),4.7,51 - 200 ,2013,Company - Private,Biotech & Pharmaceuticals,Biotech & Pharmaceuticals,$1 to $5 million (USD),0,0,108,173,140.5,UT,8,1,0,1,0,0,0,1,1,1,1,0,0,0,0,0,0,data scientist,sr,na
391,Product Engineer – Data Science,$63K-$101K (Glassdoor est.),3.5,1001 - 5000 ,1969,Company - Private,Computer Hardware & Software,Information Technology,$1 to $2 billion (USD),0,0,63,101,82.0,VA,52,1,0,0,0,1,0,0,0,0,0,0,0,0,0,0,0,data scientist,na,M
392,"Principal Scientist, Chemistry & Immunology",$54K-$115K (Glassdoor est.),3.3,10000+ ,2014,Hospital,Health Care Services & Hospitals,Health Care,$500 million to $1 billion (USD),0,0,54,115,84.5,NY,7,0,0,0,0,0,0,0,0,0,0,0,0,0,0,0,0,other scientist,sr,P
394,"Scientist/Senior Scientist, Autoimmune",$90K-$179K (Glassdoor est.),4.4,201 - 500 ,2013,Company - Public,Biotech & Pharmaceuticals,Biotech & Pharmaceuticals,$100 to $500 million (USD),0,0,90,179,134.5,MA,8,0,0,0,0,0,0,0,0,0,0,0,0,0,0,0,0,other scientist,sr,P
396,Data Scientist,$127K-$202K (Glassdoor est.),3.3,201 - 500 ,2008,Company - Private,Advertising & Marketing,Business Services,Unknown / Non-Applicable,0,0,127,202,164.5,CA,13,0,0,0,0,0,0,0,0,0,0,0,0,0,0,0,0,data scientist,na,na
397,Market Data Analyst,$31K-$57K (Glassdoor est.),3.4,201 - 500 ,1991,Company - Public,Telecommunications Manufacturing,Telecommunications,$50 to $100 million (USD),0,0,31,57,44.0,FL,30,0,0,0,0,0,0,0,0,0,0,0,0,0,0,0,0,analyst,na,M
398,Software Engineer - Data Visualization,$60K-$127K (Glassdoor est.),4.0,51 - 200 ,2002,Company - Private,Computer Hardware & Software,Information Technology,$5 to $10 million (USD),0,0,60,127,93.5,MD,19,0,0,0,1,0,0,0,0,0,0,0,0,0,0,0,0,na,na,M
399,Data Engineer,$75K-$143K (Glassdoor est.),4.4,1 - 50 ,2015,Company - Private,Enterprise Software & Network Solutions,Information Technology,Unknown / Non-Applicable,0,0,75,143,109.0,VA,6,1,1,0,0,0,0,0,0,0,0,1,0,0,0,0,0,data engineer,na,na
400,Staff Data Engineer,$105K-$194K (Glassdoor est.),3.8,501 - 1000 ,2010,Company - Private,Computer Hardware & Software,Information Technology,Unknown / Non-Applicable,0,0,105,194,149.5,TX,11,0,1,1,0,0,0,0,0,0,0,0,0,0,0,0,0,data engineer,na,M
401,Associate Data Engineer,$45K-$86K (Glassdoor est.),3.5,1001 - 5000 ,2007,Company - Private,Research & Development,Business Services,Unknown / Non-Applicable,0,0,45,86,65.5,DC,14,0,1,1,1,1,0,0,0,0,0,0,0,0,0,0,0,data engineer,na,M
403,Senior Data Scientist,$95K-$154K (Glassdoor est.),3.5,1001 - 5000 ,2017,Company - Public,Insurance Carriers,Insurance,Unknown / Non-Applicable,0,0,95,154,124.5,NC,4,1,1,0,1,0,0,0,0,0,0,0,0,0,0,0,0,data scientist,sr,M
406,Staff BI and Data Engineer,$80K-$148K (Glassdoor est.),2.9,51 - 200 ,1998,Company - Private,Advertising & Marketing,Business Services,Unknown / Non-Applicable,0,0,80,148,114.0,CA,23,1,1,0,0,1,0,0,0,0,0,0,1,0,0,0,0,data engineer,na,M
407,Marketing Data Analyst,$36K-$62K (Glassdoor est.),3.9,501 - 1000 ,1937,Nonprofit Organization,Banks & Credit Unions,Finance,Unknown / Non-Applicable,0,0,36,62,49.0,PA,84,1,0,0,0,1,0,0,0,0,0,0,1,1,0,0,0,analyst,na,na
409,"Principal Scientist, Hematology",$54K-$115K (Glassdoor est.),3.3,10000+ ,2014,Hospital,Health Care Services & Hospitals,Health Care,$500 million to $1 billion (USD),0,0,54,115,84.5,NY,7,0,0,0,0,0,0,0,0,0,0,0,0,0,0,0,0,other scientist,sr,P
410,Data Analyst,$50K-$92K (Glassdoor est.),3.7,501 - 1000 ,1989,Company - Private,IT Services,Information Technology,$100 to $500 million (USD),0,0,50,92,71.0,VA,32,0,0,0,1,1,0,0,0,0,0,0,1,1,0,0,0,analyst,na,na
411,"Director - Data, Privacy and AI Governance",$67K-$135K (Glassdoor est.),3.6,5001 - 10000 ,1851,Company - Private,Insurance Carriers,Insurance,$10+ billion (USD),0,0,67,135,101.0,MA,170,0,0,0,0,0,0,0,0,0,0,0,0,0,0,0,0,director,na,na
412,Data Scientist,$82K-$132K (Glassdoor est.),3.5,1001 - 5000 ,1969,Company - Private,Computer Hardware & Software,Information Technology,$1 to $2 billion (USD),0,0,82,132,107.0,CA,52,1,1,1,0,0,0,0,0,0,0,1,1,0,0,1,0,data scientist,na,M
413,Data Scientist,$85K-$140K (Glassdoor est.),4.7,201 - 500 ,1974,Company - Private,Biotech & Pharmaceuticals,Biotech & Pharmaceuticals,Unknown / Non-Applicable,0,0,85,140,112.5,MA,47,1,0,0,1,0,0,0,0,0,0,0,0,0,0,0,0,data scientist,na,na
414,Staff Machine Learning Engineer,$138K-$224K (Glassdoor est.),3.9,201 - 500 ,2007,Company - Private,Internet,Information Technology,$10 to $25 million (USD),0,0,138,224,181.0,CA,14,1,1,0,0,1,0,0,0,1,1,0,0,0,0,0,0,machine learning engineer,na,na
415,Information Security Data Analyst,$42K-$80K (Glassdoor est.),3.7,10000+ ,1928,Company - Public,Computer Hardware & Software,Information Technology,$5 to $10 billion (USD),0,0,42,80,61.0,IL,93,1,1,0,0,1,0,0,0,0,0,1,0,0,0,0,0,analyst,na,M
416,Lead Data Engineer,$190K-$220K(Employer est.),4.1,51 - 200 ,2010,Company - Private,Internet,Information Technology,$50 to $100 million (USD),0,0,190,220,205.0,CA,11,1,1,1,0,1,0,0,0,0,0,0,0,0,0,0,0,data engineer,sr,na
417,Scientist Manufacturing - Kentucky BioProcessing,$68K-$139K (Glassdoor est.),3.1,5001 - 10000 ,1875,Company - Private,Consumer Products Manufacturing,Manufacturing,$10+ billion (USD),0,0,68,139,103.5,KY,146,0,0,0,0,0,0,0,0,0,0,0,0,0,0,0,0,other scientist,na,na
419,Data Analytics Project Manager,$34K-$92K (Glassdoor est.),3.6,5001 - 10000 ,1851,Company - Private,Insurance Carriers,Insurance,$10+ billion (USD),0,0,34,92,63.0,MA,170,0,0,0,1,0,0,0,0,0,0,0,0,0,0,0,0,Data scientist project manager,na,M
420,Consultant - Analytics Consulting,$54K-$71K (Glassdoor est.),3.0,10000+ ,1981,Company - Public,IT Services,Information Technology,$10+ billion (USD),0,0,54,71,62.5,CT,40,0,0,0,1,0,0,0,0,0,0,0,0,0,0,0,0,data analitics,na,na
421,Data Engineer,$65K-$124K (Glassdoor est.),3.5,501 - 1000 ,2013,Company - Private,Health Care Services & Hospitals,Health Care,Unknown / Non-Applicable,0,0,65,124,94.5,CA,8,1,1,1,1,1,0,0,0,0,0,1,0,0,0,0,0,data engineer,na,M
425,Marketing Data Analyst,$35K-$62K (Glassdoor est.),3.6,1001 - 5000 ,1986,Company - Private,Gambling,"Arts, Entertainment & Recreation",$100 to $500 million (USD),0,0,35,62,48.5,CA,35,0,0,0,1,1,1,0,0,0,0,0,1,0,0,0,1,analyst,na,M
426,Senior Scientist (Neuroscience),$109K-$200K (Glassdoor est.),3.5,1001 - 5000 ,2010,Company - Private,Biotech & Pharmaceuticals,Biotech & Pharmaceuticals,$1 to $2 billion (USD),0,0,109,200,154.5,MA,11,1,0,0,1,0,0,0,0,0,0,0,0,0,0,0,0,other scientist,sr,P
427,Medical Laboratory Scientist,$18-$25 Per Hour(Glassdoor est.),4.0,1001 - 5000 ,1977,Hospital,Health Care Services & Hospitals,Health Care,$50 to $100 million (USD),1,0,37,52,44.5,TX,44,0,0,1,0,0,0,0,0,0,0,0,0,0,0,0,0,other scientist,na,na
428,Machine Learning Engineer - Regulatory,$61K-$113K (Glassdoor est.),3.7,501 - 1000 ,1973,Company - Public,Stock Exchanges,Finance,$500 million to $1 billion (USD),0,0,61,113,87.0,KS,48,1,0,0,1,1,0,0,0,0,0,1,0,0,0,0,0,machine learning engineer,na,na
429,R&D Specialist/ Food Scientist,$39K-$66K (Glassdoor est.),2.4,501 - 1000 ,-1,Company - Private,Food & Beverage Manufacturing,Manufacturing,$100 to $500 million (USD),0,0,39,66,52.5,IL,-1,0,0,0,0,0,0,0,0,0,0,0,0,0,0,0,0,other scientist,na,na
430,Data Engineer,$43K-$86K (Glassdoor est.),3.2,501 - 1000 ,2003,Company - Private,Research & Development,Business Services,Unknown / Non-Applicable,0,0,43,86,64.5,NY,18,1,0,1,1,1,0,0,0,0,0,0,0,0,0,0,0,data engineer,na,na
431,"Scientist, Bacteriology",$74K-$149K (Glassdoor est.),2.1,201 - 500 ,-1,Company - Public,Biotech & Pharmaceuticals,Biotech & Pharmaceuticals,$25 to $50 million (USD),0,0,74,149,111.5,CA,-1,0,0,0,1,0,0,0,0,0,0,0,0,0,0,0,0,other scientist,na,P
433,"Associate Director, Platform and DevOps- Data Engineering and Aritifical Intelligence",$113K-$196K (Glassdoor est.),3.7,10000+ ,1781,Company - Public,Biotech & Pharmaceuticals,Biotech & Pharmaceuticals,$10+ billion (USD),0,0,113,196,154.5,MA,240,0,1,1,1,1,0,0,0,0,0,1,0,0,0,1,0,data engineer,na,M
434,Senior Research Scientist-Machine Learning,$81K-$167K (Glassdoor est.),2.6,501 - 1000 ,1984,College / University,Colleges & Universities,Education,Unknown / Non-Applicable,0,0,81,167,124.0,PA,37,0,0,0,0,0,0,0,0,0,0,0,0,0,0,0,0,machine learning engineer,sr,P
435,Senior Data Scientist,$97K-$160K (Glassdoor est.),4.4,201 - 500 ,2008,Company - Private,Consulting,Business Services,$50 to $100 million (USD),0,0,97,160,128.5,IL,13,1,0,1,1,1,0,0,0,0,0,1,1,0,0,0,0,data scientist,sr,na
437,Clinical Laboratory Scientist,$24-$39 Per Hour(Glassdoor est.),3.7,501 - 1000 ,1966,Hospital,Health Care Services & Hospitals,Health Care,$100 to $500 million (USD),1,0,49,81,65.0,CO,55,0,0,0,0,0,0,0,0,0,0,0,0,0,0,0,0,other scientist,na,na
442,Analytics Manager - Data Mart,$42K-$86K (Glassdoor est.),3.5,501 - 1000 ,1996,Nonprofit Organization,Health Care Services & Hospitals,Health Care,$500 million to $1 billion (USD),0,0,42,86,64.0,CA,25,0,0,0,0,1,0,0,0,0,0,0,1,0,0,0,0,Data scientist project manager,na,na
443,Sr. Data Engineer - Contract-to-Hire (Java),$69K-$127K (Glassdoor est.),3.0,10000+ ,1958,Company - Private,Gas Stations,Retail,$10+ billion (USD),0,0,69,127,98.0,TN,63,1,0,0,0,1,0,0,0,0,0,0,0,0,0,0,0,data engineer,sr,M
444,Data Scientist - Algorithms & Inference,$110K-$175K (Glassdoor est.),4.2,51 - 200 ,2010,Company - Private,Enterprise Software & Network Solutions,Information Technology,Unknown / Non-Applicable,0,0,110,175,142.5,CA,11,0,0,0,0,0,0,0,0,0,0,0,0,0,0,0,0,data scientist,na,M
446,Senior Data Scientist - R&D Oncology,$102K-$172K (Glassdoor est.),3.9,10000+ ,1913,Company - Public,Biotech & Pharmaceuticals,Biotech & Pharmaceuticals,$10+ billion (USD),0,0,102,172,137.0,NY,108,1,0,0,0,0,0,0,0,0,0,0,0,0,0,0,0,data scientist,sr,P
447,Data Engineer,$74K-$124K (Glassdoor est.),4.0,501 - 1000 ,1915,Nonprofit Organization,Insurance Carriers,Insurance,$500 million to $1 billion (USD),0,0,74,124,99.0,CO,106,1,0,1,0,1,0,0,0,0,0,0,0,0,0,0,0,data engineer,na,M
448,Food Scientist - Developer,$40K-$68K (Glassdoor est.),3.3,501 - 1000 ,1964,Company - Private,Food & Beverage Manufacturing,Manufacturing,Unknown / Non-Applicable,0,0,40,68,54.0,WI,57,0,0,0,0,0,0,0,0,0,0,0,0,0,0,0,0,other scientist,na,na
449,Senior Data Scientist,$108K-$171K (Glassdoor est.),4.4,1001 - 5000 ,1984,Company - Private,Computer Hardware & Software,Information Technology,$1 to $2 billion (USD),0,0,108,171,139.5,MA,37,1,0,0,0,1,0,0,0,0,0,0,1,1,0,0,0,data scientist,sr,M
450,Data Engineer,$76K-$142K (Glassdoor est.),3.4,201 - 500 ,1999,Company - Private,IT Services,Information Technology,$25 to $50 million (USD),0,0,76,142,109.0,MD,22,0,0,1,0,0,0,0,0,0,0,0,0,0,0,0,0,data engineer,na,M
452,"Director II, Data Science - GRM Actuarial",$202K-$306K (Glassdoor est.),3.3,10000+ ,1912,Company - Private,Insurance Carriers,Insurance,$10+ billion (USD),0,0,202,306,254.0,IL,109,1,0,0,0,0,1,0,0,0,0,0,0,0,0,0,0,data scientist,na,M
454,"Scientist, Molecular/Cellular Biologist",$49K-$97K (Glassdoor est.),2.9,201 - 500 ,2012,Subsidiary or Business Segment,Biotech & Pharmaceuticals,Biotech & Pharmaceuticals,Unknown / Non-Applicable,0,0,49,97,73.0,CA,9,0,0,0,0,0,0,0,0,0,0,0,0,0,0,0,0,other scientist,na,P
455,Staff Scientist-Downstream Process Development,$49K-$113K (Glassdoor est.),2.7,201 - 500 ,1961,Company - Private,Biotech & Pharmaceuticals,Biotech & Pharmaceuticals,$25 to $50 million (USD),0,0,49,113,81.0,MD,60,0,0,0,1,0,0,0,0,0,0,0,0,0,0,0,0,other scientist,na,P
456,MED TECH/LAB SCIENTIST- SOUTH COASTAL LAB,$21-$34 Per Hour(Glassdoor est.),3.6,1001 - 5000 ,1935,Nonprofit Organization,Health Care Services & Hospitals,Health Care,$100 to $500 million (USD),1,0,43,70,56.5,DE,86,0,0,0,0,0,0,0,0,0,0,0,0,0,0,0,0,other scientist,na,na
458,Scientist - Analytical Services,$65K-$134K (Glassdoor est.),3.1,5001 - 10000 ,1875,Company - Private,Consumer Products Manufacturing,Manufacturing,$10+ billion (USD),0,0,65,134,99.5,NC,146,0,0,0,1,0,0,0,0,0,0,0,0,0,0,0,0,other scientist,na,na
459,Associate Data Analyst- Graduate Development Program,$32K-$59K (Glassdoor est.),3.3,501 - 1000 ,1989,Company - Private,Insurance Carriers,Insurance,$500 million to $1 billion (USD),0,0,32,59,45.5,OH,32,0,0,0,0,0,0,0,0,0,0,0,0,0,0,0,0,analyst,na,na
461,Sr. Data Engineer,$87K-$158K (Glassdoor est.),4.5,51 - 200 ,1996,Company - Private,Consulting,Business Services,$25 to $50 million (USD),0,0,87,158,122.5,IN,25,1,1,1,0,1,0,0,0,0,0,1,0,0,0,1,0,data engineer,sr,na
462,Senior Insurance Data Scientist,$107K-$173K (Glassdoor est.),3.9,5001 - 10000 ,1968,Company - Public,Financial Analytics & Research,Finance,$1 to $2 billion (USD),0,0,107,173,140.0,IL,53,1,0,0,1,1,1,0,0,0,0,0,0,0,0,0,0,data scientist,sr,na
463,Senior Data Science Systems Engineer,$56K-$99K (Glassdoor est.),3.2,5001 - 10000 ,1958,Nonprofit Organization,Federal Agencies,Government,$1 to $2 billion (USD),0,0,56,99,77.5,VA,63,0,0,0,0,0,0,0,0,0,0,0,0,0,0,0,0,data scientist,sr,P
464,ENVIRONMENTAL ENGINEER/SCIENTIST,Employer Provided Salary:$25-$28 Per Hour,3.3,1 - 50 ,1976,Company - Private,Construction,"Construction, Repair & Maintenance",Unknown / Non-Applicable,1,1,52,58,55.0,MA,45,0,0,0,1,0,0,0,0,0,0,0,0,0,0,0,0,other scientist,na,na
466,Senior Scientist - Regulatory Submissions,$80K-$155K (Glassdoor est.),3.1,5001 - 10000 ,1875,Company - Private,Consumer Products Manufacturing,Manufacturing,$10+ billion (USD),0,0,80,155,117.5,NC,146,0,0,0,1,0,0,0,0,0,0,0,0,0,0,0,0,other scientist,sr,M
467,Scientist - Biomarker and Flow Cytometry,$43K-$98K (Glassdoor est.),2.4,501 - 1000 ,2006,Company - Private,Biotech & Pharmaceuticals,Biotech & Pharmaceuticals,$50 to $100 million (USD),0,0,43,98,70.5,CA,15,0,0,0,0,0,0,0,0,0,0,0,0,0,0,0,0,other scientist,na,M
468,Revenue Analytics Manager,$45K-$78K (Glassdoor est.),4.8,51 - 200 ,2011,Company - Private,Computer Hardware & Software,Information Technology,$25 to $50 million (USD),0,0,45,78,61.5,CA,10,0,0,0,1,1,0,0,0,0,0,0,1,0,0,0,0,Data scientist project manager,na,na
469,"Associate Scientist, LC/MS Biologics",$44K-$96K (Glassdoor est.),2.9,1001 - 5000 ,2015,Company - Private,Biotech & Pharmaceuticals,Biotech & Pharmaceuticals,Unknown / Non-Applicable,0,0,44,96,70.0,NY,6,0,0,0,1,0,0,0,0,0,0,0,0,0,0,0,0,other scientist,na,na
470,Sr. Scientist Method Development,$50K-$110K (Glassdoor est.),2.9,1001 - 5000 ,2015,Company - Private,Biotech & Pharmaceuticals,Biotech & Pharmaceuticals,Unknown / Non-Applicable,0,0,50,110,80.0,GA,6,0,0,0,1,0,0,0,0,0,0,0,0,0,0,0,0,other scientist,sr,na
471,IT - Data Engineer II,$61K-$119K (Glassdoor est.),3.4,1001 - 5000 ,1988,Company - Private,Insurance Carriers,Insurance,$100 to $500 million (USD),0,0,61,119,90.0,MA,33,0,1,0,1,1,0,0,0,0,0,1,0,0,0,0,0,data engineer,na,na
472,"Research Scientist, Immunology - Cancer Biology",Employer Provided Salary:$100K-$140K,-1.0,unknown,-1,Company - Private,-1,-1,Unknown / Non-Applicable,0,1,100,140,120.0,MA,-1,0,0,0,1,0,0,0,0,0,0,0,0,0,0,0,0,other scientist,na,P
473,"Project Scientist - Auton Lab, Robotics Institute",$56K-$91K (Glassdoor est.),2.6,501 - 1000 ,1984,College / University,Colleges & Universities,Education,Unknown / Non-Applicable,0,0,56,91,73.5,PA,37,0,0,0,1,0,0,0,0,0,0,0,0,0,0,0,0,other scientist,na,P
476,Data Scientist,$68K-$114K (Glassdoor est.),3.8,501 - 1000 ,1984,Subsidiary or Business Segment,Advertising & Marketing,Business Services,Unknown / Non-Applicable,0,0,68,114,91.0,FL,37,1,0,0,1,1,0,0,0,0,0,1,1,0,0,0,0,data scientist,na,na
477,Data Scientist,Employer Provided Salary:$150K-$160K,5.0,unknown,-1,Company - Private,Enterprise Software & Network Solutions,Information Technology,Unknown / Non-Applicable,0,1,150,160,155.0,DC,-1,0,0,1,1,0,0,0,0,0,0,0,0,0,0,0,0,data scientist,na,na
479,"Enterprise Architect, Data",$101K-$158K (Glassdoor est.),3.6,5001 - 10000 ,1851,Company - Private,Insurance Carriers,Insurance,$10+ billion (USD),0,0,101,158,129.5,MA,170,1,1,1,1,1,0,0,0,0,0,1,1,1,0,0,0,na,na,na
482,"Senior Manager, Epidemiologic Data Scientist",$125K-$210K (Glassdoor est.),4.0,10000+ ,1849,Company - Public,Biotech & Pharmaceuticals,Biotech & Pharmaceuticals,$10+ billion (USD),0,0,125,210,167.5,NY,172,0,0,1,1,0,0,0,0,0,0,0,0,0,0,0,0,data scientist,sr,M
483,Corporate Risk Data Analyst (SQL Based) - Milwaukee or,$43K-$77K (Glassdoor est.),3.8,1001 - 5000 ,1870,Company - Public,Banks & Credit Unions,Finance,$1 to $2 billion (USD),0,0,43,77,60.0,WI,151,0,0,1,1,0,0,0,0,0,0,0,0,0,0,0,0,analyst,na,na
485,Lead Data Scientist,$139K-$221K (Glassdoor est.),3.9,51 - 200 ,2009,Company - Private,Financial Analytics & Research,Finance,$50 to $100 million (USD),0,0,139,221,180.0,CA,12,1,0,0,1,1,0,0,0,0,0,0,0,0,0,0,0,data scientist,sr,M
486,"Marketing Data Analyst, May 2020 Undergrad",$44K-$86K (Glassdoor est.),3.8,1001 - 5000 ,2002,Company - Private,Travel Agencies,Travel & Tourism,$2 to $5 billion (USD),0,0,44,86,65.0,NY,19,0,0,0,1,1,1,0,0,0,0,0,0,0,0,0,0,analyst,na,na
487,Senior Data Engineer,$78K-$147K (Glassdoor est.),4.3,5001 - 10000 ,1990,Company - Private,Computer Hardware & Software,Information Technology,$1 to $2 billion (USD),0,0,78,147,112.5,NC,31,1,1,1,0,0,0,0,0,0,0,1,0,0,1,0,0,data engineer,sr,na
488,Senior Data Analyst,$65K-$110K (Glassdoor est.),1.9,201 - 500 ,2010,Company - Private,"Department, Clothing, & Shoe Stores",Retail,$100 to $500 million (USD),0,0,65,110,87.5,NY,11,1,0,0,1,1,0,0,0,0,0,0,0,0,0,0,1,analyst,sr,na
489,Data Modeler - Data Solutions Engineer,$37K-$66K (Glassdoor est.),3.3,10000+ ,1912,Company - Private,Insurance Carriers,Insurance,$10+ billion (USD),0,0,37,66,51.5,IN,109,1,0,0,1,1,0,0,0,0,0,0,0,1,0,0,0,data modeler,na,M
490,Associate Environmental Scientist - Wildlife Biologist,$38K-$64K (Glassdoor est.),4.7,51 - 200 ,1972,Company - Private,Architectural & Engineering Services,Business Services,$10 to $25 million (USD),0,0,38,64,51.0,CA,49,0,0,0,1,0,0,0,0,0,0,0,0,0,0,0,0,other scientist,na,na
491,"Associate, Data Science, Internal Audit",$43K-$82K (Glassdoor est.),3.1,10000+ ,1856,Company - Private,Banks & Credit Unions,Finance,$10+ billion (USD),0,0,43,82,62.5,MA,165,1,0,0,1,1,1,0,0,0,0,0,0,0,0,0,0,data scientist,na,M
492,Sr Data Engineer (Sr BI Developer),$90K-$110K(Employer est.),3.4,501 - 1000 ,1981,Company - Public,Health Care Services & Hospitals,Health Care,Unknown / Non-Applicable,0,0,90,110,100.0,AZ,40,0,0,0,0,1,0,0,0,0,0,1,0,0,0,0,0,data engineer,sr,na
493,Data Engineer,$61K-$109K (Glassdoor est.),4.4,51 - 200 ,2004,Company - Private,IT Services,Information Technology,Unknown / Non-Applicable,0,0,61,109,85.0,VA,17,1,1,1,0,0,0,0,0,0,0,1,0,0,0,0,0,data engineer,na,na
494,Senior LiDAR Data Scientist,$93K-$151K (Glassdoor est.),3.9,201 - 500 ,2012,Company - Private,Computer Hardware & Software,Information Technology,Unknown / Non-Applicable,0,0,93,151,122.0,FL,9,1,0,1,0,0,0,0,0,0,0,0,0,0,0,0,0,data scientist,sr,M
495,Salesforce Analytics Consultant,$52K-$81K (Glassdoor est.),3.9,501 - 1000 ,1995,Company - Private,Enterprise Software & Network Solutions,Information Technology,$100 to $500 million (USD),0,0,52,81,66.5,IL,26,1,0,0,0,1,1,0,0,0,0,0,1,1,0,0,0,data analitics,na,M
496,"Technology-Minded, Data Professional Opportunities",$40K-$101K (Glassdoor est.),4.7,1001 - 5000 ,2002,Company - Private,Lending,Finance,Unknown / Non-Applicable,0,0,40,101,70.5,MO,19,0,1,0,1,1,0,0,0,0,0,1,1,0,0,1,0,na,na,na
497,Senior Data Engineer,$97K-$180K (Glassdoor est.),4.7,51 - 200 ,2010,Company - Private,Security Services,Business Services,$10 to $25 million (USD),0,0,97,180,138.5,TX,11,1,1,0,0,1,0,0,0,0,1,0,0,0,0,0,0,data engineer,sr,na
498,Managing Data Scientist/ML Engineer,$81K-$134K (Glassdoor est.),3.4,1001 - 5000 ,1943,Company - Private,Consulting,Business Services,$100 to $500 million (USD),0,0,81,134,107.5,MA,78,0,1,0,1,1,0,0,0,0,0,1,1,0,0,1,0,data scientist,na,na
499,"Scientist, Pharmacometrics",$84K-$157K (Glassdoor est.),3.8,501 - 1000 ,2008,Company - Public,Biotech & Pharmaceuticals,Biotech & Pharmaceuticals,$50 to $100 million (USD),0,0,84,157,120.5,MA,13,0,0,0,0,0,1,0,0,0,0,0,0,0,0,0,0,other scientist,na,M
500,Staff Scientist- Upstream PD,$49K-$113K (Glassdoor est.),2.7,201 - 500 ,1961,Company - Private,Biotech & Pharmaceuticals,Biotech & Pharmaceuticals,$25 to $50 million (USD),0,0,49,113,81.0,MD,60,0,0,0,0,0,0,0,0,0,0,0,0,0,0,0,0,other scientist,na,na
501,Scientist Manufacturing Pharma - Kentucky BioProcessing,$68K-$139K (Glassdoor est.),3.1,5001 - 10000 ,1875,Company - Private,Consumer Products Manufacturing,Manufacturing,$10+ billion (USD),0,0,68,139,103.5,KY,146,0,0,0,0,0,0,0,0,0,0,0,0,0,0,0,0,other scientist,na,na
502,Sr. Data Engineer,$75K-$140K (Glassdoor est.),3.4,1001 - 5000 ,2005,Company - Public,Transportation Management,Transportation & Logistics,$2 to $5 billion (USD),0,0,75,140,107.5,IL,16,0,0,0,0,1,0,0,0,0,0,0,0,0,0,0,0,data engineer,sr,na
505,Lead Big Data Engineer,$121K-$203K (Glassdoor est.),4.0,1001 - 5000 ,2007,Company - Private,Internet,Information Technology,Unknown / Non-Applicable,0,0,121,203,162.0,CA,14,1,1,1,1,0,0,0,0,0,0,1,0,0,0,0,0,data engineer,sr,na
506,Product Engineer – Spatial Data Science and Statistical Analysis,$52K-$85K (Glassdoor est.),3.5,1001 - 5000 ,1969,Company - Private,Computer Hardware & Software,Information Technology,$1 to $2 billion (USD),0,0,52,85,68.5,CA,52,1,1,0,1,0,0,0,1,1,1,0,0,0,0,0,0,data scientist,na,M
507,Sr Software Engineer (Data Scientist),$81K-$140K (Glassdoor est.),3.4,10000+ ,1978,Company - Public,Insurance Carriers,Insurance,$5 to $10 billion (USD),0,0,81,140,110.5,OH,43,0,0,0,1,1,0,0,1,0,1,0,0,0,0,0,0,data scientist,sr,na
508,College Hire - Data Scientist - Open to December 2019 Graduates,$63K-$99K (Glassdoor est.),3.7,10000+ ,1925,Company - Public,Industrial Manufacturing,Manufacturing,$10+ billion (USD),0,0,63,99,81.0,IL,96,0,0,0,0,0,0,0,0,0,0,0,1,0,0,0,0,data scientist,na,na
509,Senior Data Scientist,$110K-$150K(Employer est.),4.3,1001 - 5000 ,1993,Company - Public,Real Estate,Real Estate,$2 to $5 billion (USD),0,0,110,150,130.0,IL,28,1,1,0,1,1,0,0,0,1,0,1,1,1,0,0,0,data scientist,sr,M
510,Sr. Data Engineer (ETL Developer),$83K-$148K (Glassdoor est.),3.7,201 - 500 ,-1,Subsidiary or Business Segment,Insurance Carriers,Insurance,$100 to $500 million (USD),0,0,83,148,115.5,IA,-1,1,0,0,1,1,0,0,0,0,0,0,1,0,0,0,0,data engineer,sr,na
512,Senior Data Scientist Artificial Intelligence,$60K-$101K (Glassdoor est.),3.8,1001 - 5000 ,1965,Government,Energy,"Oil, Gas, Energy & Utilities",$500 million to $1 billion (USD),0,0,60,101,80.5,WA,56,0,0,0,0,0,0,0,1,0,1,0,0,0,0,0,0,data scientist,sr,M
516,Analytics - Business Assurance Data Analyst,$31K-$55K (Glassdoor est.),4.6,501 - 1000 ,1992,Company - Private,Lending,Finance,$100 to $500 million (USD),0,0,31,55,43.0,IA,29,0,0,0,1,1,0,0,0,0,0,0,1,0,0,0,0,analyst,na,na
517,"Associate Director/Director, Safety Scientist",$102K-$178K (Glassdoor est.),4.4,201 - 500 ,2003,Company - Public,Biotech & Pharmaceuticals,Biotech & Pharmaceuticals,Unknown / Non-Applicable,0,0,102,178,140.0,MA,18,0,0,0,1,0,0,0,0,0,0,0,0,0,0,0,0,director,na,P
518,"Senior Scientist, Cell Pharmacology/Assay Development",Employer Provided Salary:$110K-$130K,-1.0,unknown,-1,Company - Private,-1,-1,Unknown / Non-Applicable,0,1,110,130,120.0,MA,-1,0,0,0,0,0,0,0,0,0,0,0,0,0,0,0,0,other scientist,sr,P
519,Data Analyst Senior,$48K-$85K (Glassdoor est.),3.0,5001 - 10000 ,1983,Company - Private,Insurance Carriers,Insurance,$5 to $10 billion (USD),0,0,48,85,66.5,PA,38,0,0,0,1,1,1,0,0,0,0,0,1,0,0,0,0,analyst,sr,M
520,Lead Data Engineer (Python),$66K-$123K (Glassdoor est.),4.7,51 - 200 ,2006,Company - Private,Staffing & Outsourcing,Business Services,$1 to $5 million (USD),0,0,66,123,94.5,CA,15,1,0,1,0,0,0,0,0,0,0,0,0,0,0,0,0,data engineer,sr,na
521,Senior Data Scientist 4 Artificial Intelligence,$92K-$146K (Glassdoor est.),3.8,1001 - 5000 ,1965,Government,Energy,"Oil, Gas, Energy & Utilities",$500 million to $1 billion (USD),0,0,92,146,119.0,WA,56,0,0,0,0,0,0,0,1,0,1,0,0,0,0,0,0,data scientist,sr,M
522,Medical Lab Scientist - MLT,$21-$29 Per Hour(Glassdoor est.),3.2,10000+ ,1996,Nonprofit Organization,Health Care Services & Hospitals,Health Care,$10+ billion (USD),1,0,43,60,51.5,NE,25,0,0,0,0,0,0,0,0,0,0,0,0,0,0,0,0,other scientist,na,na
523,"Senior Operations Data Analyst, Call Center Operations",$10-$17 Per Hour(Glassdoor est.),2.7,5001 - 10000 ,2000,Company - Public,Financial Transaction Processing,Finance,$2 to $5 billion (USD),1,0,20,35,27.5,TN,21,0,0,0,1,0,0,0,0,0,0,0,1,0,0,0,0,analyst,sr,na
524,"Director II, Data Science - GRS Predictive Analytics",$150K-$239K (Glassdoor est.),3.3,10000+ ,1912,Company - Private,Insurance Carriers,Insurance,$10+ billion (USD),0,0,150,239,194.5,IL,109,1,0,0,0,0,1,0,0,0,0,0,0,0,0,0,0,data scientist,na,P
525,RESEARCH COMPUTER SCIENTIST - RESEARCH ENGINEER - SR. COMPUTER SCIENTIST - SOFTWARE DEVELOPMENT,$52K-$91K (Glassdoor est.),3.9,1001 - 5000 ,1947,Nonprofit Organization,Research & Development,Business Services,$500 million to $1 billion (USD),0,0,52,91,71.5,TX,74,1,0,1,1,1,0,0,0,0,0,0,0,0,0,0,0,other scientist,sr,na
526,Geospatial Software Developer and Data Scientist,$82K-$129K(Employer est.),3.7,501 - 1000 ,-1,College / University,Colleges & Universities,Education,Unknown / Non-Applicable,0,0,82,129,105.5,TX,-1,1,0,1,0,0,0,1,1,1,1,0,0,0,0,0,0,data scientist,na,na
528,Senior Scientist - Toxicologist - Product Integrity (Stewardship),$47K-$101K (Glassdoor est.),3.1,5001 - 10000 ,1875,Company - Private,Consumer Products Manufacturing,Manufacturing,$10+ billion (USD),0,0,47,101,74.0,NC,146,0,0,0,1,0,0,0,0,0,0,0,0,0,0,0,0,other scientist,sr,M
530,Systems Engineer II - Data Analyst,$49K-$76K (Glassdoor est.),3.7,10000+ ,1922,Company - Public,Aerospace & Defense,Aerospace & Defense,$10+ billion (USD),0,0,49,76,62.5,AL,99,0,0,0,1,0,0,0,0,0,0,0,0,0,0,0,0,analyst,na,na
532,Senior Research Analytical Scientist-Non-Targeted Analysis,$43K-$88K (Glassdoor est.),4.3,1001 - 5000 ,1958,Nonprofit Organization,Research & Development,Business Services,$500 million to $1 billion (USD),0,0,43,88,65.5,NC,63,0,0,0,0,0,0,0,0,0,0,0,0,0,0,0,0,other scientist,sr,P
533,Director Data Science,$124K-$199K (Glassdoor est.),3.6,1001 - 5000 ,1989,Company - Private,Advertising & Marketing,Business Services,Unknown / Non-Applicable,0,0,124,199,161.5,NJ,32,1,0,1,1,1,0,0,0,0,0,0,1,1,0,0,0,data scientist,na,na
534,Sr Data Analyst - IT,$52K-$93K (Glassdoor est.),2.1,1001 - 5000 ,2003,Other Organization,Biotech & Pharmaceuticals,Biotech & Pharmaceuticals,$100 to $500 million (USD),0,0,52,93,72.5,PA,18,0,0,0,1,1,0,0,0,0,0,0,1,0,0,0,0,analyst,sr,na
535,Senior Data Engineer,$97K-$181K (Glassdoor est.),3.9,51 - 200 ,2008,Company - Public,Computer Hardware & Software,Information Technology,$10 to $25 million (USD),0,0,97,181,139.0,CA,13,1,0,1,1,0,0,0,0,0,0,0,0,0,0,0,0,data engineer,sr,na
537,Senior Data Engineer,$100K-$173K (Glassdoor est.),3.9,201 - 500 ,2007,Company - Private,Internet,Information Technology,$10 to $25 million (USD),0,0,100,173,136.5,CA,14,0,0,0,0,1,0,0,0,0,0,0,0,0,0,0,0,data engineer,sr,na
538,Associate Machine Learning Engineer / Data Scientist May 2020 Undergrad,$53K-$96K (Glassdoor est.),3.8,1001 - 5000 ,2002,Company - Private,Travel Agencies,Travel & Tourism,$2 to $5 billion (USD),0,0,53,96,74.5,NY,19,1,1,0,0,0,0,0,0,0,0,0,0,0,0,0,0,data scientist,na,na
539,Senior Scientist - Biostatistician,$65K-$96K (Glassdoor est.),3.1,5001 - 10000 ,1875,Company - Private,Consumer Products Manufacturing,Manufacturing,$10+ billion (USD),0,0,65,96,80.5,NC,146,0,0,0,1,0,0,0,0,0,0,0,0,0,0,0,0,other scientist,sr,M
540,Data Scientist,$56K-$95K (Glassdoor est.),3.5,5001 - 10000 ,1870,Company - Public,Biotech & Pharmaceuticals,Biotech & Pharmaceuticals,$1 to $2 billion (USD),0,0,56,95,75.5,NM,151,1,0,0,1,0,0,0,0,0,0,0,0,0,0,0,0,data scientist,na,M
541,Data Scientist,$111K-$176K (Glassdoor est.),4.7,51 - 200 ,2016,Company - Private,IT Services,Information Technology,Unknown / Non-Applicable,0,0,111,176,143.5,MO,5,1,1,0,0,1,0,1,0,1,1,0,0,0,0,0,0,data scientist,na,na
542,Data Scientist,$75K-$127K (Glassdoor est.),5.0,51 - 200 ,2014,Company - Private,Aerospace & Defense,Aerospace & Defense,$10 to $25 million (USD),0,0,75,127,101.0,VA,7,1,0,0,0,1,1,0,0,0,0,0,0,0,0,0,0,data scientist,na,na
543,Data Engineer,$65K-$119K (Glassdoor est.),3.6,5001 - 10000 ,1851,Company - Private,Insurance Carriers,Insurance,$10+ billion (USD),0,0,65,119,92.0,MA,170,1,1,0,1,0,0,0,0,0,0,0,0,0,0,0,0,data engineer,na,na
544,Computational Chemist/Data Scientist,$56K-$97K (Glassdoor est.),3.8,1001 - 5000 ,1965,Government,Energy,"Oil, Gas, Energy & Utilities",$500 million to $1 billion (USD),0,0,56,97,76.5,WA,56,1,0,0,0,0,0,0,0,0,0,0,0,0,0,0,0,data scientist,na,P
545,Principal Data Scientist (Computational Chemistry),$108K-$173K (Glassdoor est.),4.7,51 - 200 ,2013,Company - Private,Biotech & Pharmaceuticals,Biotech & Pharmaceuticals,$1 to $5 million (USD),0,0,108,173,140.5,UT,8,1,0,1,0,0,0,1,1,1,1,0,0,0,0,0,0,data scientist,sr,na
546,Data Scientist,$94K-$139K (Glassdoor est.),3.6,10000+ ,1812,Company - Public,Investment Banking & Asset Management,Finance,$10+ billion (USD),0,0,94,139,116.5,NJ,209,0,0,0,1,1,0,0,0,0,0,0,0,0,0,0,0,data scientist,na,na
548,Principal Machine Learning Scientist,$176K-$289K (Glassdoor est.),4.7,501 - 1000 ,1999,Subsidiary or Business Segment,Computer Hardware & Software,Information Technology,Unknown / Non-Applicable,0,0,176,289,232.5,CA,22,1,0,0,0,1,0,0,0,1,0,0,0,0,0,0,0,machine learning engineer,sr,P
549,Data Scientist,$92K-$149K (Glassdoor est.),3.5,51 - 200 ,2016,Company - Private,Enterprise Software & Network Solutions,Information Technology,Unknown / Non-Applicable,0,0,92,149,120.5,CA,5,1,0,0,0,1,0,0,0,0,0,0,0,0,0,0,0,data scientist,na,P
550,Product Engineer – Data Science,$63K-$101K (Glassdoor est.),3.5,1001 - 5000 ,1969,Company - Private,Computer Hardware & Software,Information Technology,$1 to $2 billion (USD),0,0,63,101,82.0,VA,52,1,0,0,0,1,0,0,0,0,0,0,0,0,0,0,0,data scientist,na,M
552,"Principal Scientist, Chemistry & Immunology",$54K-$115K (Glassdoor est.),3.3,10000+ ,2014,Hospital,Health Care Services & Hospitals,Health Care,$500 million to $1 billion (USD),0,0,54,115,84.5,NY,7,0,0,0,0,0,0,0,0,0,0,0,0,0,0,0,0,other scientist,sr,P
554,Data Scientist,$118K-$188K (Glassdoor est.),2.7,10000+ ,2007,Company - Public,IT Services,Information Technology,Unknown / Non-Applicable,0,0,118,188,153.0,CA,14,1,1,1,0,1,0,1,1,0,1,0,0,0,0,0,0,data scientist,na,P
555,Data Scientist,$108K-$146K (Glassdoor est.),3.4,501 - 1000 ,2008,Company - Private,Internet,Information Technology,Unknown / Non-Applicable,0,0,108,146,127.0,CA,13,1,1,0,0,1,0,0,0,0,0,1,0,0,0,0,0,data scientist,na,M
556,Data Scientist,$65K-$106K (Glassdoor est.),4.7,51 - 200 ,2010,Company - Private,Computer Hardware & Software,Information Technology,Unknown / Non-Applicable,0,0,65,106,85.5,CA,11,1,1,0,1,1,0,0,0,1,1,1,0,0,0,0,0,data scientist,na,P
557,Data Scientist,$55K-$98K (Glassdoor est.),2.8,1001 - 5000 ,1976,Company - Public,Wholesale,Business Services,$1 to $2 billion (USD),0,0,55,98,76.5,NY,45,1,0,0,1,1,1,0,0,0,0,0,1,0,0,0,0,data scientist,na,na
558,Data Scientist,$94K-$162K (Glassdoor est.),3.5,1001 - 5000 ,1992,Subsidiary or Business Segment,TV Broadcast & Cable Networks,Media,$500 million to $1 billion (USD),0,0,94,162,128.0,NY,29,1,1,0,0,1,0,1,0,1,1,1,1,0,0,1,1,data scientist,na,na
560,Data Engineer,$63K-$120K (Glassdoor est.),3.2,1 - 50 ,-1,Company - Private,Staffing & Outsourcing,Business Services,$5 to $10 million (USD),0,0,63,120,91.5,PA,-1,1,1,1,1,1,0,0,0,0,0,1,0,0,0,0,0,data engineer,na,na
561,"Scientist/Senior Scientist, Autoimmune",$90K-$179K (Glassdoor est.),4.4,201 - 500 ,2013,Company - Public,Biotech & Pharmaceuticals,Biotech & Pharmaceuticals,$100 to $500 million (USD),0,0,90,179,134.5,MA,8,0,0,0,0,0,0,0,0,0,0,0,0,0,0,0,0,other scientist,sr,P
562,Data Scientist,$127K-$202K (Glassdoor est.),3.3,201 - 500 ,2008,Company - Private,Advertising & Marketing,Business Services,Unknown / Non-Applicable,0,0,127,202,164.5,CA,13,0,0,0,0,0,0,0,0,0,0,0,0,0,0,0,0,data scientist,na,na
563,Software Engineer - Data Visualization,$60K-$127K (Glassdoor est.),4.0,51 - 200 ,2002,Company - Private,Computer Hardware & Software,Information Technology,$5 to $10 million (USD),0,0,60,127,93.5,MD,19,0,0,0,1,0,0,0,0,0,0,0,0,0,0,0,0,na,na,M
565,Market Data Analyst,$31K-$57K (Glassdoor est.),3.4,201 - 500 ,1991,Company - Public,Telecommunications Manufacturing,Telecommunications,$50 to $100 million (USD),0,0,31,57,44.0,FL,30,0,0,0,0,0,0,0,0,0,0,0,0,0,0,0,0,analyst,na,M
566,Staff Data Engineer,$105K-$194K (Glassdoor est.),3.8,501 - 1000 ,2010,Company - Private,Computer Hardware & Software,Information Technology,Unknown / Non-Applicable,0,0,105,194,149.5,TX,11,0,1,1,0,0,0,0,0,0,0,0,0,0,0,0,0,data engineer,na,M
567,Associate Data Engineer,$45K-$86K (Glassdoor est.),3.5,1001 - 5000 ,2007,Company - Private,Research & Development,Business Services,Unknown / Non-Applicable,0,0,45,86,65.5,DC,14,0,1,1,1,1,0,0,0,0,0,0,0,0,0,0,0,data engineer,na,M
568,Data Engineer,$75K-$143K (Glassdoor est.),4.4,1 - 50 ,2015,Company - Private,Enterprise Software & Network Solutions,Information Technology,Unknown / Non-Applicable,0,0,75,143,109.0,VA,6,1,1,0,0,0,0,0,0,0,0,1,0,0,0,0,0,data engineer,na,na
570,Staff Data Engineer,$126K-$228K (Glassdoor est.),3.7,1001 - 5000 ,1988,Subsidiary or Business Segment,Computer Hardware & Software,Information Technology,$50 to $100 million (USD),0,0,126,228,177.0,CA,33,1,1,1,0,1,0,0,0,0,0,1,0,0,1,1,0,data engineer,na,P
572,Data Scientist,$80K-$134K (Glassdoor est.),4.7,201 - 500 ,2010,Company - Private,Aerospace & Defense,Aerospace & Defense,$100 to $500 million (USD),0,0,80,134,107.0,VA,11,1,1,0,1,1,0,0,1,1,1,1,0,0,0,0,0,data scientist,na,P
573,Data Scientist,$120K-$189K (Glassdoor est.),4.1,501 - 1000 ,2012,Company - Private,Enterprise Software & Network Solutions,Information Technology,Unknown / Non-Applicable,0,0,120,189,154.5,CA,9,1,1,0,1,0,0,0,0,0,1,0,0,0,1,0,0,data scientist,na,P
575,Data Scientist,$85K-$142K (Glassdoor est.),4.0,1 - 50 ,-1,Company - Private,Accounting,Accounting & Legal,Less than $1 million (USD),0,0,85,142,113.5,CA,-1,1,1,0,0,1,0,0,0,0,0,0,0,0,0,0,0,data scientist,na,na
576,Senior Data Scientist,$95K-$154K (Glassdoor est.),3.5,1001 - 5000 ,2017,Company - Public,Insurance Carriers,Insurance,Unknown / Non-Applicable,0,0,95,154,124.5,NC,4,1,1,0,1,0,0,0,0,0,0,0,0,0,0,0,0,data scientist,sr,M
577,Data Scientist,$111K-$176K (Glassdoor est.),2.5,1 - 50 ,-1,Company - Private,Biotech & Pharmaceuticals,Biotech & Pharmaceuticals,Unknown / Non-Applicable,0,0,111,176,143.5,CA,-1,1,0,0,1,1,0,0,0,0,0,0,0,0,0,0,0,data scientist,na,P
578,Data Scientist,$87K-$140K (Glassdoor est.),3.9,1 - 50 ,-1,Company - Private,IT Services,Information Technology,Less than $1 million (USD),0,0,87,140,113.5,CA,-1,1,0,0,0,1,0,0,0,0,0,0,0,0,0,0,0,data scientist,na,M
579,Data Scientist,$76K-$127K (Glassdoor est.),3.4,10000+ ,1969,Company - Public,Aerospace & Defense,Aerospace & Defense,$10+ billion (USD),0,0,76,127,101.5,VA,52,1,0,1,0,0,0,0,1,0,1,0,0,0,0,0,0,data scientist,na,M
580,"Data Analyst, Performance Partnership",$54K-$92K (Glassdoor est.),3.6,10000+ ,1935,Subsidiary or Business Segment,Health Care Products Manufacturing,Manufacturing,$2 to $5 billion (USD),0,0,54,92,73.0,NY,86,0,0,1,1,1,0,0,0,0,0,0,1,1,0,0,0,analyst,na,na
582,Data Scientist,$61K-$100K (Glassdoor est.),3.5,10000+ ,2016,Company - Public,Consulting,Business Services,$2 to $5 billion (USD),0,0,61,100,80.5,NY,5,1,0,1,0,1,0,0,0,0,0,0,0,0,0,0,0,data scientist,na,M
583,Data Scientist,$81K-$140K (Glassdoor est.),-1.0,unknown,-1,Company - Private,-1,-1,Unknown / Non-Applicable,0,0,81,140,110.5,NY,-1,1,0,0,0,1,0,0,0,0,1,0,0,0,0,0,0,data scientist,na,M
585,Staff BI and Data Engineer,$80K-$148K (Glassdoor est.),2.9,51 - 200 ,1998,Company - Private,Advertising & Marketing,Business Services,Unknown / Non-Applicable,0,0,80,148,114.0,CA,23,1,1,0,0,1,0,0,0,0,0,0,1,0,0,0,0,data engineer,na,M
586,Data Scientist,$108K-$171K (Glassdoor est.),3.5,51 - 200 ,-1,Company - Private,"Health, Beauty, & Fitness",Consumer Services,$5 to $10 million (USD),0,0,108,171,139.5,CA,-1,1,0,0,0,1,0,0,0,0,0,0,0,0,0,0,0,data scientist,na,na
587,Data Scientist,$112K-$179K (Glassdoor est.),4.8,1 - 50 ,2011,Company - Private,IT Services,Information Technology,Unknown / Non-Applicable,0,0,112,179,145.5,NY,10,1,0,0,1,1,0,0,0,0,0,0,1,0,0,0,0,data scientist,na,na
588,Data Scientist,$63K-$111K (Glassdoor est.),4.0,201 - 500 ,2007,Company - Private,Lending,Finance,$100 to $500 million (USD),0,0,63,111,87.0,NY,14,0,0,0,1,0,0,0,0,0,0,0,0,0,0,0,0,data scientist,na,na
589,Data Scientist,$75K-$126K (Glassdoor est.),4.2,201 - 500 ,1885,Company - Private,Banks & Credit Unions,Finance,$50 to $100 million (USD),0,0,75,126,100.5,MA,136,0,0,0,1,1,0,0,0,0,0,0,0,0,0,0,0,data scientist,na,M
590,Data Scientist Manager,$110K-$184K (Glassdoor est.),3.8,10000+ ,1967,Company - Public,Enterprise Software & Network Solutions,Information Technology,$10+ billion (USD),0,0,110,184,147.0,NY,54,1,1,0,1,1,1,0,0,1,0,1,0,0,0,1,0,data scientist,na,M
591,Data Engineer,$76K-$145K (Glassdoor est.),3.7,201 - 500 ,1914,Company - Private,Insurance Carriers,Insurance,$100 to $500 million (USD),0,0,76,145,110.5,NY,107,1,0,0,1,1,0,0,0,0,0,0,0,0,0,0,0,data engineer,na,M
594,Marketing Data Analyst,$36K-$62K (Glassdoor est.),3.9,501 - 1000 ,1937,Nonprofit Organization,Banks & Credit Unions,Finance,Unknown / Non-Applicable,0,0,36,62,49.0,PA,84,1,0,0,0,1,0,0,0,0,0,0,1,1,0,0,0,analyst,na,na
595,Data Scientist,$70K-$118K (Glassdoor est.),4.6,51 - 200 ,-1,Company - Private,Consulting,Business Services,$5 to $10 million (USD),0,0,70,118,94.0,MA,-1,1,1,1,0,1,0,0,0,0,0,1,1,1,0,0,0,data scientist,na,M
597,Senior Data Scientist,$94K-$153K (Glassdoor est.),4.3,1001 - 5000 ,1999,Company - Public,Enterprise Software & Network Solutions,Information Technology,$500 million to $1 billion (USD),0,0,94,153,123.5,NY,22,1,0,1,0,1,0,0,0,0,0,0,0,0,0,0,0,data scientist,sr,M
599,"Principal Scientist, Hematology",$54K-$115K (Glassdoor est.),3.3,10000+ ,2014,Hospital,Health Care Services & Hospitals,Health Care,$500 million to $1 billion (USD),0,0,54,115,84.5,NY,7,0,0,0,0,0,0,0,0,0,0,0,0,0,0,0,0,other scientist,sr,P
600,Data Analyst,$50K-$92K (Glassdoor est.),3.7,501 - 1000 ,1989,Company - Private,IT Services,Information Technology,$100 to $500 million (USD),0,0,50,92,71.0,VA,32,0,0,0,1,1,0,0,0,0,0,0,1,1,0,0,0,analyst,na,na
601,Software Data Engineer - College,$49K-$97K (Glassdoor est.),4.0,10000+ ,1939,Company - Public,Computer Hardware & Software,Information Technology,Unknown / Non-Applicable,0,0,49,97,73.0,OR,82,0,0,0,0,1,0,0,0,0,0,0,0,0,0,0,0,data engineer,na,M
602,"Director - Data, Privacy and AI Governance",$67K-$135K (Glassdoor est.),3.6,5001 - 10000 ,1851,Company - Private,Insurance Carriers,Insurance,$10+ billion (USD),0,0,67,135,101.0,MA,170,0,0,0,0,0,0,0,0,0,0,0,0,0,0,0,0,director,na,na
603,Staff Machine Learning Engineer,$138K-$224K (Glassdoor est.),3.9,201 - 500 ,2007,Company - Private,Internet,Information Technology,$10 to $25 million (USD),0,0,138,224,181.0,CA,14,1,1,0,0,1,0,0,0,1,1,0,0,0,0,0,0,machine learning engineer,na,na
604,Data Scientist,$80K-$139K (Glassdoor est.),3.7,10000+ ,1939,Company - Public,Aerospace & Defense,Aerospace & Defense,$10+ billion (USD),0,0,80,139,109.5,CA,82,0,0,0,1,1,0,0,0,0,0,0,1,0,0,0,0,data scientist,na,na
605,Lead Data Scientist,$158K-$211K (Glassdoor est.),3.7,10000+ ,1958,Company - Public,IT Services,Information Technology,$10+ billion (USD),0,0,158,211,184.5,WA,63,1,0,0,1,1,1,0,0,0,0,0,1,0,0,0,0,data scientist,sr,na
606,Senior Data Scientist - Algorithms,$150K-$180K (Glassdoor est.),3.9,201 - 500 ,2014,Company - Private,Enterprise Software & Network Solutions,Information Technology,Unknown / Non-Applicable,0,0,150,180,165.0,NY,7,1,0,0,0,0,0,0,0,1,0,1,0,0,0,0,0,data scientist,sr,M
607,Information Security Data Analyst,$42K-$80K (Glassdoor est.),3.7,10000+ ,1928,Company - Public,Computer Hardware & Software,Information Technology,$5 to $10 billion (USD),0,0,42,80,61.0,IL,93,1,1,0,0,1,0,0,0,0,0,1,0,0,0,0,0,analyst,na,M
608,Lead Data Engineer,$190K-$220K(Employer est.),4.1,51 - 200 ,2010,Company - Private,Internet,Information Technology,$50 to $100 million (USD),0,0,190,220,205.0,CA,11,1,1,1,0,1,0,0,0,0,0,0,0,0,0,0,0,data engineer,sr,na
609,Data Analyst,$42K-$77K (Glassdoor est.),3.1,1001 - 5000 ,2006,School / School District,K-12 Education,Education,$100 to $500 million (USD),0,0,42,77,59.5,NY,15,1,0,0,1,1,0,0,0,0,0,0,0,0,0,0,0,analyst,na,na
610,Scientist Manufacturing - Kentucky BioProcessing,$68K-$139K (Glassdoor est.),3.1,5001 - 10000 ,1875,Company - Private,Consumer Products Manufacturing,Manufacturing,$10+ billion (USD),0,0,68,139,103.5,KY,146,0,0,0,0,0,0,0,0,0,0,0,0,0,0,0,0,other scientist,na,na
613,Consultant - Analytics Consulting,$54K-$71K (Glassdoor est.),3.0,10000+ ,1981,Company - Public,IT Services,Information Technology,$10+ billion (USD),0,0,54,71,62.5,CT,40,0,0,0,1,0,0,0,0,0,0,0,0,0,0,0,0,data analitics,na,na
614,Data Analytics Project Manager,$34K-$92K (Glassdoor est.),3.6,5001 - 10000 ,1851,Company - Private,Insurance Carriers,Insurance,$10+ billion (USD),0,0,34,92,63.0,MA,170,0,0,0,1,0,0,0,0,0,0,0,0,0,0,0,0,Data scientist project manager,na,M
616,Data Analyst,$47K-$85K (Glassdoor est.),3.6,1 - 50 ,1980,Company - Private,Health Care Services & Hospitals,Health Care,$10 to $25 million (USD),0,0,47,85,66.0,NY,41,0,0,0,1,0,0,0,0,0,0,0,0,0,0,0,0,analyst,na,na
617,Data Engineer,$65K-$124K (Glassdoor est.),3.5,501 - 1000 ,2013,Company - Private,Health Care Services & Hospitals,Health Care,Unknown / Non-Applicable,0,0,65,124,94.5,CA,8,1,1,1,1,1,0,0,0,0,0,1,0,0,0,0,0,data engineer,na,M
619,Data Scientist,$56K-$95K (Glassdoor est.),4.2,51 - 200 ,2012,Company - Private,Education Training Services,Education,Unknown / Non-Applicable,0,0,56,95,75.5,NY,9,1,0,1,0,1,0,0,0,0,0,1,1,0,0,0,0,data scientist,na,na
622,Machine Learning Engineer,$62K-$112K (Glassdoor est.),4.0,501 - 1000 ,1954,Company - Public,Aerospace & Defense,Aerospace & Defense,$100 to $500 million (USD),0,0,62,112,87.0,VA,67,1,0,0,0,0,0,0,0,0,0,0,0,0,0,0,0,machine learning engineer,na,na
623,Senior Data Scientist Oncology,$107K-$173K (Glassdoor est.),3.9,10000+ ,1913,Company - Public,Biotech & Pharmaceuticals,Biotech & Pharmaceuticals,$10+ billion (USD),0,0,107,173,140.0,MD,108,1,0,0,1,0,0,0,0,0,0,0,0,0,0,0,0,data scientist,sr,P
624,Data Scientist,$64K-$108K (Glassdoor est.),3.7,201 - 500 ,2006,Company - Private,IT Services,Information Technology,$25 to $50 million (USD),0,0,64,108,86.0,MD,15,1,0,0,1,0,1,0,0,0,0,0,0,0,0,0,0,data scientist,na,M
625,Senior Data Scientist,$89K-$144K (Glassdoor est.),4.4,1 - 50 ,2012,Company - Private,Internet,Information Technology,Unknown / Non-Applicable,0,0,89,144,116.5,CA,9,1,0,0,0,1,0,0,0,0,0,0,0,0,0,0,0,data scientist,sr,M
627,Senior Scientist (Neuroscience),$109K-$200K (Glassdoor est.),3.5,1001 - 5000 ,2010,Company - Private,Biotech & Pharmaceuticals,Biotech & Pharmaceuticals,$1 to $2 billion (USD),0,0,109,200,154.5,MA,11,1,0,0,1,0,0,0,0,0,0,0,0,0,0,0,0,other scientist,sr,P
629,Machine Learning Engineer - Regulatory,$61K-$113K (Glassdoor est.),3.7,501 - 1000 ,1973,Company - Public,Stock Exchanges,Finance,$500 million to $1 billion (USD),0,0,61,113,87.0,KS,48,1,0,0,1,1,0,0,0,0,0,1,0,0,0,0,0,machine learning engineer,na,na
630,Marketing Data Analyst,$35K-$62K (Glassdoor est.),3.6,1001 - 5000 ,1986,Company - Private,Gambling,"Arts, Entertainment & Recreation",$100 to $500 million (USD),0,0,35,62,48.5,CA,35,0,0,0,1,1,1,0,0,0,0,0,1,0,0,0,1,analyst,na,M
631,Data Engineer,$55K-$105K (Glassdoor est.),3.4,501 - 1000 ,2002,Company - Private,IT Services,Information Technology,$1 to $2 billion (USD),0,0,55,105,80.0,TX,19,1,1,0,1,1,0,0,0,0,0,1,0,0,0,0,0,data engineer,na,na
632,Medical Laboratory Scientist,$18-$25 Per Hour(Glassdoor est.),4.0,1001 - 5000 ,1977,Hospital,Health Care Services & Hospitals,Health Care,$50 to $100 million (USD),1,0,37,52,44.5,TX,44,0,0,1,0,0,0,0,0,0,0,0,0,0,0,0,0,other scientist,na,na
633,R&D Specialist/ Food Scientist,$39K-$66K (Glassdoor est.),2.4,501 - 1000 ,-1,Company - Private,Food & Beverage Manufacturing,Manufacturing,$100 to $500 million (USD),0,0,39,66,52.5,IL,-1,0,0,0,0,0,0,0,0,0,0,0,0,0,0,0,0,other scientist,na,na
634,Principal Data Scientist,$135K-$211K (Glassdoor est.),3.7,10000+ ,1939,Company - Public,Aerospace & Defense,Aerospace & Defense,$10+ billion (USD),0,0,135,211,173.0,CA,82,1,0,0,0,0,0,0,0,0,0,0,0,0,0,0,0,data scientist,sr,M
635,Data Engineer,$57K-$80K (Glassdoor est.),3.5,501 - 1000 ,1997,Company - Private,Biotech & Pharmaceuticals,Biotech & Pharmaceuticals,Unknown / Non-Applicable,0,0,57,80,68.5,AZ,24,1,1,0,0,0,0,0,0,0,0,0,0,0,0,0,0,data engineer,na,na
636,Data Scientist - Alpha Insights,$129K-$215K (Glassdoor est.),4.4,1001 - 5000 ,2001,Company - Private,Investment Banking & Asset Management,Finance,Unknown / Non-Applicable,0,0,129,215,172.0,NY,20,0,0,0,0,0,0,0,0,0,0,0,0,0,0,0,0,data scientist,na,P
637,"Data Scientist, Office of Data Science",$86K-$143K (Glassdoor est.),3.3,10000+ ,1912,Company - Private,Insurance Carriers,Insurance,$10+ billion (USD),0,0,86,143,114.5,MA,109,1,0,0,0,0,0,0,0,0,0,0,0,0,0,0,0,data scientist,na,na
638,"Associate Principal Scientist, Pharmacogenomics",$63K-$127K (Glassdoor est.),3.9,10000+ ,1913,Company - Public,Biotech & Pharmaceuticals,Biotech & Pharmaceuticals,$10+ billion (USD),0,0,63,127,95.0,MD,108,0,0,0,0,0,0,0,0,0,0,0,0,0,0,0,0,other scientist,sr,P
639,Data Scientist - Systems Engineering,$50K-$89K (Glassdoor est.),3.2,5001 - 10000 ,1958,Nonprofit Organization,Federal Agencies,Government,$1 to $2 billion (USD),0,0,50,89,69.5,MA,63,1,0,0,1,1,1,0,0,0,0,0,1,0,0,1,0,data scientist,na,na
640,Data Engineer,$43K-$86K (Glassdoor est.),3.2,501 - 1000 ,2003,Company - Private,Research & Development,Business Services,Unknown / Non-Applicable,0,0,43,86,64.5,NY,18,1,0,1,1,1,0,0,0,0,0,0,0,0,0,0,0,data engineer,na,na
642,"Scientist, Bacteriology",$74K-$149K (Glassdoor est.),2.1,201 - 500 ,-1,Company - Public,Biotech & Pharmaceuticals,Biotech & Pharmaceuticals,$25 to $50 million (USD),0,0,74,149,111.5,CA,-1,0,0,0,1,0,0,0,0,0,0,0,0,0,0,0,0,other scientist,na,P
643,Data Scientist,$71K-$124K (Glassdoor est.),4.0,501 - 1000 ,2007,Company - Private,Consumer Product Rental,Consumer Services,Unknown / Non-Applicable,0,0,71,124,97.5,NY,14,1,0,0,1,1,0,0,0,0,0,0,0,0,0,0,0,data scientist,na,na
644,"Associate Director, Platform and DevOps- Data Engineering and Aritifical Intelligence",$113K-$196K (Glassdoor est.),3.7,10000+ ,1781,Company - Public,Biotech & Pharmaceuticals,Biotech & Pharmaceuticals,$10+ billion (USD),0,0,113,196,154.5,MA,240,0,1,1,1,1,0,0,0,0,0,1,0,0,0,1,0,data engineer,na,M
645,Senior Research Scientist-Machine Learning,$81K-$167K (Glassdoor est.),2.6,501 - 1000 ,1984,College / University,Colleges & Universities,Education,Unknown / Non-Applicable,0,0,81,167,124.0,PA,37,0,0,0,0,0,0,0,0,0,0,0,0,0,0,0,0,machine learning engineer,sr,P
646,Data Scientist,$69K-$121K (Glassdoor est.),3.4,201 - 500 ,2011,Company - Private,Health Care Services & Hospitals,Health Care,Unknown / Non-Applicable,0,0,69,121,95.0,NY,10,1,1,1,0,1,0,0,0,0,0,0,1,0,0,0,0,data scientist,na,na
647,Senior Data Scientist,$97K-$160K (Glassdoor est.),4.4,201 - 500 ,2008,Company - Private,Consulting,Business Services,$50 to $100 million (USD),0,0,97,160,128.5,IL,13,1,0,1,1,1,0,0,0,0,0,1,1,0,0,0,0,data scientist,sr,na
648,Principal Data Scientist,$150K-$238K (Glassdoor est.),3.2,501 - 1000 ,2006,Subsidiary or Business Segment,Enterprise Software & Network Solutions,Information Technology,Unknown / Non-Applicable,0,0,150,238,194.0,CA,15,0,0,1,1,0,0,0,0,0,0,0,0,0,0,0,0,data scientist,sr,na
651,Data Scientist,$77K-$132K (Glassdoor est.),3.5,201 - 500 ,2005,Company - Public,Advertising & Marketing,Business Services,Unknown / Non-Applicable,0,0,77,132,104.5,NY,16,1,1,1,1,1,0,0,0,0,0,0,0,0,0,0,0,data scientist,na,M
652,Clinical Laboratory Scientist,$24-$39 Per Hour(Glassdoor est.),3.7,501 - 1000 ,1966,Hospital,Health Care Services & Hospitals,Health Care,$100 to $500 million (USD),1,0,49,81,65.0,CO,55,0,0,0,0,0,0,0,0,0,0,0,0,0,0,0,0,other scientist,na,na
653,Data Engineer - Consultant (Charlotte Based),$59K-$112K (Glassdoor est.),4.2,201 - 500 ,2008,Company - Private,IT Services,Information Technology,Unknown / Non-Applicable,0,0,59,112,85.5,NC,13,1,0,0,1,1,0,0,0,0,0,1,0,0,0,0,0,data engineer,na,na
654,"Data Analyst 1, full-time contract worker for up to 12 months",$35K-$65K (Glassdoor est.),4.2,10000+ ,-1,Nonprofit Organization,Religious Organizations,Non-Profit,Unknown / Non-Applicable,0,0,35,65,50.0,UT,-1,0,0,1,1,1,0,0,0,0,0,0,0,0,0,0,0,analyst,na,na
655,Data Engineer,$79K-$147K (Glassdoor est.),3.1,1001 - 5000 ,1997,Company - Public,Video Games,Media,$10+ billion (USD),0,0,79,147,113.0,CA,24,1,1,1,1,1,0,0,0,0,0,0,0,0,0,1,0,data engineer,na,na
658,"Scientist, Immuno-Oncology",$62K-$119K (Glassdoor est.),3.9,10000+ ,1830,Company - Public,Biotech & Pharmaceuticals,Biotech & Pharmaceuticals,$10+ billion (USD),0,0,62,119,90.5,MA,191,0,0,1,0,0,0,0,0,0,0,0,0,0,0,0,0,other scientist,na,M
660,Senior Data Scientist,$119K-$187K (Glassdoor est.),4.3,51 - 200 ,2008,Company - Private,Computer Hardware & Software,Information Technology,Unknown / Non-Applicable,0,0,119,187,153.0,CA,13,1,1,0,1,0,0,0,0,0,0,0,0,0,0,0,0,data scientist,sr,na
661,Products Data Analyst II,$90K-$157K (Glassdoor est.),3.3,1001 - 5000 ,1988,Company - Public,Consulting,Business Services,$2 to $5 billion (USD),0,0,90,157,123.5,CA,33,0,0,0,1,1,1,0,0,0,0,0,1,0,0,1,0,analyst,na,M
662,Lead Data Analyst,$32K-$62K (Glassdoor est.),3.9,201 - 500 ,2010,Company - Private,Internet,Information Technology,$10 to $25 million (USD),0,0,32,62,47.0,NY,11,0,1,0,0,1,0,0,0,0,0,0,0,0,0,0,0,analyst,sr,na
663,Analytics Manager - Data Mart,$42K-$86K (Glassdoor est.),3.5,501 - 1000 ,1996,Nonprofit Organization,Health Care Services & Hospitals,Health Care,$500 million to $1 billion (USD),0,0,42,86,64.0,CA,25,0,0,0,0,1,0,0,0,0,0,0,1,0,0,0,0,Data scientist project manager,na,na
664,Data Science Engineer - Mobile,$116K-$208K (Glassdoor est.),4.0,10000+ ,1982,Company - Public,Computer Hardware & Software,Information Technology,$5 to $10 billion (USD),0,0,116,208,162.0,CA,39,1,0,0,1,1,0,0,0,0,0,1,1,1,0,0,0,data scientist,na,M
665,Senior Data Scientist - R&D Oncology,$102K-$172K (Glassdoor est.),3.9,10000+ ,1913,Company - Public,Biotech & Pharmaceuticals,Biotech & Pharmaceuticals,$10+ billion (USD),0,0,102,172,137.0,NY,108,1,0,0,0,0,0,0,0,0,0,0,0,0,0,0,0,data scientist,sr,P
666,Sr. Data Engineer - Contract-to-Hire (Java),$69K-$127K (Glassdoor est.),3.0,10000+ ,1958,Company - Private,Gas Stations,Retail,$10+ billion (USD),0,0,69,127,98.0,TN,63,1,0,0,0,1,0,0,0,0,0,0,0,0,0,0,0,data engineer,sr,M
668,Data Scientist,$86K-$144K (Glassdoor est.),3.7,10000+ ,1863,Company - Public,Insurance Agencies & Brokerages,Insurance,$10+ billion (USD),0,0,86,144,115.0,NY,158,1,0,0,1,1,0,0,0,0,0,0,0,0,0,0,0,data scientist,na,M
669,Senior Data Scientist,$102K-$165K (Glassdoor est.),3.5,5001 - 10000 ,1870,Company - Public,Biotech & Pharmaceuticals,Biotech & Pharmaceuticals,$1 to $2 billion (USD),0,0,102,165,133.5,CO,151,1,0,0,1,0,0,0,0,0,0,0,0,0,0,0,0,data scientist,sr,M
670,Data Engineer,$74K-$124K (Glassdoor est.),4.0,501 - 1000 ,1915,Nonprofit Organization,Insurance Carriers,Insurance,$500 million to $1 billion (USD),0,0,74,124,99.0,CO,106,1,0,1,0,1,0,0,0,0,0,0,0,0,0,0,0,data engineer,na,M
671,Food Scientist - Developer,$40K-$68K (Glassdoor est.),3.3,501 - 1000 ,1964,Company - Private,Food & Beverage Manufacturing,Manufacturing,Unknown / Non-Applicable,0,0,40,68,54.0,WI,57,0,0,0,0,0,0,0,0,0,0,0,0,0,0,0,0,other scientist,na,na
672,Senior Data Engineer,$76K-$142K (Glassdoor est.),3.2,1001 - 5000 ,2004,Company - Private,Health Care Services & Hospitals,Health Care,Unknown / Non-Applicable,0,0,76,142,109.0,TN,17,0,0,1,1,0,0,0,0,0,0,1,0,0,0,0,0,data engineer,sr,na
673,Data Engineer,$76K-$142K (Glassdoor est.),3.4,201 - 500 ,1999,Company - Private,IT Services,Information Technology,$25 to $50 million (USD),0,0,76,142,109.0,MD,22,0,0,1,0,0,0,0,0,0,0,0,0,0,0,0,0,data engineer,na,M
674,Senior Data Scientist,$108K-$171K (Glassdoor est.),4.4,1001 - 5000 ,1984,Company - Private,Computer Hardware & Software,Information Technology,$1 to $2 billion (USD),0,0,108,171,139.5,MA,37,1,0,0,0,1,0,0,0,0,0,0,1,1,0,0,0,data scientist,sr,M
675,"Director II, Data Science - GRM Actuarial",$202K-$306K (Glassdoor est.),3.3,10000+ ,1912,Company - Private,Insurance Carriers,Insurance,$10+ billion (USD),0,0,202,306,254.0,IL,109,1,0,0,0,0,1,0,0,0,0,0,0,0,0,0,0,data scientist,na,M
676,Machine Learning Engineer,$91K-$159K (Glassdoor est.),3.2,1001 - 5000 ,1975,Company - Private,Computer Hardware & Software,Information Technology,Unknown / Non-Applicable,0,0,91,159,125.0,NY,46,1,0,1,1,1,0,0,1,0,1,0,0,0,0,0,0,machine learning engineer,na,M
678,"Sr Expert Data Science, Advanced Visual Analytics (Associate level)",$80K-$133K (Glassdoor est.),3.8,10000+ ,1996,Company - Public,Biotech & Pharmaceuticals,Biotech & Pharmaceuticals,$10+ billion (USD),0,0,80,133,106.5,MA,25,1,0,0,0,1,1,0,0,0,0,0,1,1,0,0,0,data scientist,sr,M
679,"Scientist, Molecular/Cellular Biologist",$49K-$97K (Glassdoor est.),2.9,201 - 500 ,2012,Subsidiary or Business Segment,Biotech & Pharmaceuticals,Biotech & Pharmaceuticals,Unknown / Non-Applicable,0,0,49,97,73.0,CA,9,0,0,0,0,0,0,0,0,0,0,0,0,0,0,0,0,other scientist,na,P
681,Staff Scientist-Downstream Process Development,$49K-$113K (Glassdoor est.),2.7,201 - 500 ,1961,Company - Private,Biotech & Pharmaceuticals,Biotech & Pharmaceuticals,$25 to $50 million (USD),0,0,49,113,81.0,MD,60,0,0,0,1,0,0,0,0,0,0,0,0,0,0,0,0,other scientist,na,P
682,MED TECH/LAB SCIENTIST- SOUTH COASTAL LAB,$21-$34 Per Hour(Glassdoor est.),3.6,1001 - 5000 ,1935,Nonprofit Organization,Health Care Services & Hospitals,Health Care,$100 to $500 million (USD),1,0,43,70,56.5,DE,86,0,0,0,0,0,0,0,0,0,0,0,0,0,0,0,0,other scientist,na,na
683,Scientist - Analytical Services,$65K-$134K (Glassdoor est.),3.1,5001 - 10000 ,1875,Company - Private,Consumer Products Manufacturing,Manufacturing,$10+ billion (USD),0,0,65,134,99.5,NC,146,0,0,0,1,0,0,0,0,0,0,0,0,0,0,0,0,other scientist,na,na
685,Associate Data Analyst- Graduate Development Program,$32K-$59K (Glassdoor est.),3.3,501 - 1000 ,1989,Company - Private,Insurance Carriers,Insurance,$500 million to $1 billion (USD),0,0,32,59,45.5,OH,32,0,0,0,0,0,0,0,0,0,0,0,0,0,0,0,0,analyst,na,na
687,IT Associate Data Analyst,$39K-$69K (Glassdoor est.),3.7,5001 - 10000 ,1852,Company - Public,Insurance Carriers,Insurance,$5 to $10 billion (USD),0,0,39,69,54.0,MA,169,0,0,0,0,1,0,0,0,0,0,0,0,0,0,0,0,analyst,na,na
688,Sr. Data Engineer,$87K-$158K (Glassdoor est.),4.5,51 - 200 ,1996,Company - Private,Consulting,Business Services,$25 to $50 million (USD),0,0,87,158,122.5,IN,25,1,1,1,0,1,0,0,0,0,0,1,0,0,0,1,0,data engineer,sr,na
689,Clinical Data Analyst,$27K-$48K (Glassdoor est.),3.0,1001 - 5000 ,1977,Subsidiary or Business Segment,Enterprise Software & Network Solutions,Information Technology,$100 to $500 million (USD),0,0,27,48,37.5,FL,44,0,0,0,1,1,0,0,0,0,0,0,0,0,0,0,0,analyst,na,M
690,Business Data Analyst,$36K-$71K (Glassdoor est.),3.8,1001 - 5000 ,2002,Company - Private,Travel Agencies,Travel & Tourism,$2 to $5 billion (USD),0,0,36,71,53.5,NY,19,1,0,0,1,1,0,0,0,0,0,0,0,1,0,0,1,analyst,na,M
691,Senior Insurance Data Scientist,$107K-$173K (Glassdoor est.),3.9,5001 - 10000 ,1968,Company - Public,Financial Analytics & Research,Finance,$1 to $2 billion (USD),0,0,107,173,140.0,IL,53,1,0,0,1,1,1,0,0,0,0,0,0,0,0,0,0,data scientist,sr,na
692,Senior Data Science Systems Engineer,$56K-$99K (Glassdoor est.),3.2,5001 - 10000 ,1958,Nonprofit Organization,Federal Agencies,Government,$1 to $2 billion (USD),0,0,56,99,77.5,VA,63,0,0,0,0,0,0,0,0,0,0,0,0,0,0,0,0,data scientist,sr,P
694,ENVIRONMENTAL ENGINEER/SCIENTIST,Employer Provided Salary:$25-$28 Per Hour,3.3,1 - 50 ,1976,Company - Private,Construction,"Construction, Repair & Maintenance",Unknown / Non-Applicable,1,1,52,58,55.0,MA,45,0,0,0,1,0,0,0,0,0,0,0,0,0,0,0,0,other scientist,na,na
695,Senior Scientist - Regulatory Submissions,$80K-$155K (Glassdoor est.),3.1,5001 - 10000 ,1875,Company - Private,Consumer Products Manufacturing,Manufacturing,$10+ billion (USD),0,0,80,155,117.5,NC,146,0,0,0,1,0,0,0,0,0,0,0,0,0,0,0,0,other scientist,sr,M
696,Scientist - Biomarker and Flow Cytometry,$43K-$98K (Glassdoor est.),2.4,501 - 1000 ,2006,Company - Private,Biotech & Pharmaceuticals,Biotech & Pharmaceuticals,$50 to $100 million (USD),0,0,43,98,70.5,CA,15,0,0,0,0,0,0,0,0,0,0,0,0,0,0,0,0,other scientist,na,M
697,"Associate Scientist, LC/MS Biologics",$44K-$96K (Glassdoor est.),2.9,1001 - 5000 ,2015,Company - Private,Biotech & Pharmaceuticals,Biotech & Pharmaceuticals,Unknown / Non-Applicable,0,0,44,96,70.0,NY,6,0,0,0,1,0,0,0,0,0,0,0,0,0,0,0,0,other scientist,na,na
698,Revenue Analytics Manager,$45K-$78K (Glassdoor est.),4.8,51 - 200 ,2011,Company - Private,Computer Hardware & Software,Information Technology,$25 to $50 million (USD),0,0,45,78,61.5,CA,10,0,0,0,1,1,0,0,0,0,0,0,1,0,0,0,0,Data scientist project manager,na,na
699,Sr. Scientist Method Development,$50K-$110K (Glassdoor est.),2.9,1001 - 5000 ,2015,Company - Private,Biotech & Pharmaceuticals,Biotech & Pharmaceuticals,Unknown / Non-Applicable,0,0,50,110,80.0,GA,6,0,0,0,1,0,0,0,0,0,0,0,0,0,0,0,0,other scientist,sr,na
700,Data Scientist,$60K-$99K (Glassdoor est.),4.7,51 - 200 ,2003,Company - Private,Computer Hardware & Software,Information Technology,$25 to $50 million (USD),0,0,60,99,79.5,GA,18,1,0,0,1,1,0,1,1,1,0,0,0,0,0,0,0,data scientist,na,na
701,Data Scientist - Sales,$130K-$206K (Glassdoor est.),4.7,501 - 1000 ,2014,Company - Private,Computer Hardware & Software,Information Technology,$100 to $500 million (USD),0,0,130,206,168.0,CA,7,1,0,0,1,1,0,0,0,0,0,0,1,0,0,0,0,data scientist,na,na
702,IT - Data Engineer II,$61K-$119K (Glassdoor est.),3.4,1001 - 5000 ,1988,Company - Private,Insurance Carriers,Insurance,$100 to $500 million (USD),0,0,61,119,90.0,MA,33,0,1,0,1,1,0,0,0,0,0,1,0,0,0,0,0,data engineer,na,na
703,"Research Scientist, Immunology - Cancer Biology",Employer Provided Salary:$100K-$140K,-1.0,unknown,-1,Company - Private,-1,-1,Unknown / Non-Applicable,0,1,100,140,120.0,MA,-1,0,0,0,1,0,0,0,0,0,0,0,0,0,0,0,0,other scientist,na,P
704,Senior Data Analyst,$99K-$178K (Glassdoor est.),3.9,51 - 200 ,2008,Company - Public,Computer Hardware & Software,Information Technology,Unknown / Non-Applicable,0,0,99,178,138.5,CA,13,1,0,0,0,1,0,0,0,0,0,0,1,0,0,0,0,analyst,sr,na
705,"Principal, Data Science - Advanced Analytics",$86K-$137K (Glassdoor est.),3.6,10000+ ,2017,Company - Public,Biotech & Pharmaceuticals,Biotech & Pharmaceuticals,$2 to $5 billion (USD),0,0,86,137,111.5,PA,4,0,0,0,0,0,0,0,0,0,0,0,0,0,0,0,0,data scientist,sr,M
706,Data Science Project Manager,$37K-$100K (Glassdoor est.),3.6,5001 - 10000 ,1851,Company - Private,Insurance Carriers,Insurance,$10+ billion (USD),0,0,37,100,68.5,MA,170,0,0,0,1,0,0,0,0,0,0,0,0,0,0,0,0,data scientist,na,M
707,"Sr Scientist, Immuno-Oncology - Oncology",$58K-$111K (Glassdoor est.),3.9,10000+ ,1830,Company - Public,Biotech & Pharmaceuticals,Biotech & Pharmaceuticals,$10+ billion (USD),0,0,58,111,84.5,MA,191,0,0,1,0,0,0,0,0,0,0,0,0,0,0,0,0,other scientist,sr,M
708,Senior Data Engineer,$72K-$133K (Glassdoor est.),4.4,1001 - 5000 ,2006,Company - Public,Internet,Information Technology,$100 to $500 million (USD),0,0,72,133,102.5,TN,15,1,1,1,0,1,0,0,0,0,0,1,0,0,0,0,0,data engineer,sr,na
709,"Project Scientist - Auton Lab, Robotics Institute",$56K-$91K (Glassdoor est.),2.6,501 - 1000 ,1984,College / University,Colleges & Universities,Education,Unknown / Non-Applicable,0,0,56,91,73.5,PA,37,0,0,0,1,0,0,0,0,0,0,0,0,0,0,0,0,other scientist,na,P
711,Research Scientist – Security and Privacy,$61K-$126K (Glassdoor est.),3.6,501 - 1000 ,1967,Nonprofit Organization,Federal Agencies,Government,$50 to $100 million (USD),0,0,61,126,93.5,OH,54,1,0,0,0,0,0,0,0,0,0,0,0,0,0,0,0,other scientist,na,M
712,Data Science Manager,$95K-$160K (Glassdoor est.),3.2,1 - 50 ,-1,Company - Private,Staffing & Outsourcing,Business Services,$5 to $10 million (USD),0,0,95,160,127.5,PA,-1,0,0,0,1,0,0,0,0,0,0,0,0,0,0,0,0,data scientist,na,na
714,Data Analyst 2 (Missionary Department),$53K-$91K (Glassdoor est.),4.2,10000+ ,-1,Nonprofit Organization,Religious Organizations,Non-Profit,Unknown / Non-Applicable,0,0,53,91,72.0,UT,-1,0,0,0,0,1,0,0,0,0,0,0,1,0,0,0,0,analyst,na,na
715,"Enterprise Architect, Data",$101K-$158K (Glassdoor est.),3.6,5001 - 10000 ,1851,Company - Private,Insurance Carriers,Insurance,$10+ billion (USD),0,0,101,158,129.5,MA,170,1,1,1,1,1,0,0,0,0,0,1,1,1,0,0,0,na,na,na
718,Supply Chain Data Analyst,$33K-$61K (Glassdoor est.),3.1,1001 - 5000 ,1977,Company - Private,Consumer Products Manufacturing,Manufacturing,$500 million to $1 billion (USD),0,0,33,61,47.0,UT,44,1,0,0,1,1,0,0,0,0,0,0,1,0,0,0,0,analyst,na,na
719,Data Engineer - ETL,$44K-$86K (Glassdoor est.),3.8,501 - 1000 ,2014,Subsidiary or Business Segment,Consumer Product Rental,Consumer Services,Unknown / Non-Applicable,0,0,44,86,65.0,AL,7,1,1,1,1,1,0,0,0,0,0,0,0,0,0,0,0,data engineer,na,na
721,Corporate Risk Data Analyst (SQL Based) - Milwaukee or,$43K-$77K (Glassdoor est.),3.8,1001 - 5000 ,1870,Company - Public,Banks & Credit Unions,Finance,$1 to $2 billion (USD),0,0,43,77,60.0,WI,151,0,0,1,1,0,0,0,0,0,0,0,0,0,0,0,0,analyst,na,na
722,"Senior Manager, Epidemiologic Data Scientist",$125K-$210K (Glassdoor est.),4.0,10000+ ,1849,Company - Public,Biotech & Pharmaceuticals,Biotech & Pharmaceuticals,$10+ billion (USD),0,0,125,210,167.5,NY,172,0,0,1,1,0,0,0,0,0,0,0,0,0,0,0,0,data scientist,sr,M
723,"Marketing Data Analyst, May 2020 Undergrad",$44K-$86K (Glassdoor est.),3.8,1001 - 5000 ,2002,Company - Private,Travel Agencies,Travel & Tourism,$2 to $5 billion (USD),0,0,44,86,65.0,NY,19,0,0,0,1,1,1,0,0,0,0,0,0,0,0,0,0,analyst,na,na
725,Senior Data Analyst,$69K-$119K (Glassdoor est.),4.0,501 - 1000 ,2012,Company - Private,Enterprise Software & Network Solutions,Information Technology,$100 to $500 million (USD),0,0,69,119,94.0,VA,9,1,0,0,0,1,0,0,0,0,0,0,0,0,0,0,0,analyst,sr,na
726,Senior Data Analyst,$65K-$110K (Glassdoor est.),1.9,201 - 500 ,2010,Company - Private,"Department, Clothing, & Shoe Stores",Retail,$100 to $500 million (USD),0,0,65,110,87.5,NY,11,1,0,0,1,1,0,0,0,0,0,0,0,0,0,0,1,analyst,sr,na
727,Senior Data Engineer,$67K-$127K (Glassdoor est.),4.0,501 - 1000 ,2012,Company - Private,Enterprise Software & Network Solutions,Information Technology,$100 to $500 million (USD),0,0,67,127,97.0,VA,9,1,1,1,0,1,0,0,0,0,0,1,0,0,1,0,0,data engineer,sr,na
728,Senior Data Engineer,$78K-$147K (Glassdoor est.),4.3,5001 - 10000 ,1990,Company - Private,Computer Hardware & Software,Information Technology,$1 to $2 billion (USD),0,0,78,147,112.5,NC,31,1,1,1,0,0,0,0,0,0,0,1,0,0,1,0,0,data engineer,sr,na
730,Data Modeler (Analytical Systems),$66K-$117K (Glassdoor est.),3.6,5001 - 10000 ,1851,Company - Private,Insurance Carriers,Insurance,$10+ billion (USD),0,0,66,117,91.5,MA,170,0,1,1,1,1,0,0,0,0,0,1,0,0,0,0,0,data modeler,na,na
731,Data Modeler - Data Solutions Engineer,$37K-$66K (Glassdoor est.),3.3,10000+ ,1912,Company - Private,Insurance Carriers,Insurance,$10+ billion (USD),0,0,37,66,51.5,IN,109,1,0,0,1,1,0,0,0,0,0,0,0,1,0,0,0,data modeler,na,M
732,Data Scientist in Translational Medicine,$86K-$143K (Glassdoor est.),3.8,10000+ ,1996,Company - Public,Biotech & Pharmaceuticals,Biotech & Pharmaceuticals,$10+ billion (USD),0,0,86,143,114.5,MA,25,0,0,0,0,0,0,0,0,0,0,0,0,0,0,0,0,data scientist,na,na
733,Data Scientist,$84K-$146K (Glassdoor est.),4.3,201 - 500 ,2011,Company - Private,Consulting,Business Services,$10 to $25 million (USD),0,0,84,146,115.0,NY,10,1,1,1,0,1,0,0,0,0,0,1,1,0,0,0,0,data scientist,na,na
734,Product Manager/Data Evangelist,$50K-$98K (Glassdoor est.),3.2,1 - 50 ,-1,Company - Private,Staffing & Outsourcing,Business Services,$5 to $10 million (USD),0,0,50,98,74.0,PA,-1,1,0,1,0,1,0,0,0,0,0,0,0,0,0,0,0,Data scientist project manager,na,M
735,Associate Environmental Scientist - Wildlife Biologist,$38K-$64K (Glassdoor est.),4.7,51 - 200 ,1972,Company - Private,Architectural & Engineering Services,Business Services,$10 to $25 million (USD),0,0,38,64,51.0,CA,49,0,0,0,1,0,0,0,0,0,0,0,0,0,0,0,0,other scientist,na,na
736,Sr Data Engineer (Sr BI Developer),$90K-$110K(Employer est.),3.4,501 - 1000 ,1981,Company - Public,Health Care Services & Hospitals,Health Care,Unknown / Non-Applicable,0,0,90,110,100.0,AZ,40,0,0,0,0,1,0,0,0,0,0,1,0,0,0,0,0,data engineer,sr,na
737,"Senior Data Scientist – Visualization, Novartis AI Innovation Lab",$92K-$150K (Glassdoor est.),3.8,10000+ ,1996,Company - Public,Biotech & Pharmaceuticals,Biotech & Pharmaceuticals,$10+ billion (USD),0,0,92,150,121.0,MA,25,0,0,0,0,0,0,0,0,0,0,0,0,0,0,0,0,data scientist,sr,na
738,Senior Data Analyst/Scientist,$90K-$153K (Glassdoor est.),4.5,201 - 500 ,2006,Company - Private,Computer Hardware & Software,Information Technology,$100 to $500 million (USD),0,0,90,153,121.5,CA,15,0,0,0,0,1,0,0,0,0,0,0,1,1,0,0,0,analyst,sr,na
740,"Associate, Data Science, Internal Audit",$43K-$82K (Glassdoor est.),3.1,10000+ ,1856,Company - Private,Banks & Credit Unions,Finance,$10+ billion (USD),0,0,43,82,62.5,MA,165,1,0,0,1,1,1,0,0,0,0,0,0,0,0,0,0,data scientist,na,M
741,"Scientist – Cancer Discovery, Molecular Assay",Employer Provided Salary:$100K-$135K,-1.0,unknown,-1,Other Organization,-1,-1,Unknown / Non-Applicable,0,1,100,135,117.5,MA,-1,0,0,0,1,0,0,0,0,0,0,0,0,0,0,0,0,other scientist,na,P
742,Senior LiDAR Data Scientist,$93K-$151K (Glassdoor est.),3.9,201 - 500 ,2012,Company - Private,Computer Hardware & Software,Information Technology,Unknown / Non-Applicable,0,0,93,151,122.0,FL,9,1,0,1,0,0,0,0,0,0,0,0,0,0,0,0,0,data scientist,sr,M
743,Data Engineer,$61K-$109K (Glassdoor est.),4.4,51 - 200 ,2004,Company - Private,IT Services,Information Technology,Unknown / Non-Applicable,0,0,61,109,85.0,VA,17,1,1,1,0,0,0,0,0,0,0,1,0,0,0,0,0,data engineer,na,na
744,Data Engineer,$42K-$79K (Glassdoor est.),3.4,501 - 1000 ,2002,Company - Private,IT Services,Information Technology,$50 to $100 million (USD),0,0,42,79,60.5,AZ,19,1,1,1,0,1,0,0,0,0,0,0,0,0,0,1,0,data engineer,na,na
745,Lead Data Scientist,$139K-$221K (Glassdoor est.),3.9,51 - 200 ,2009,Company - Private,Financial Analytics & Research,Finance,$50 to $100 million (USD),0,0,139,221,180.0,CA,12,1,0,0,1,1,0,0,0,0,0,0,0,0,0,0,0,data scientist,sr,M
746,"Technology-Minded, Data Professional Opportunities",$40K-$101K (Glassdoor est.),4.7,1001 - 5000 ,2002,Company - Private,Lending,Finance,Unknown / Non-Applicable,0,0,40,101,70.5,MO,19,0,1,0,1,1,0,0,0,0,0,1,1,0,0,1,0,na,na,na
747,Big Data Engineer,$84K-$153K (Glassdoor est.),3.3,1001 - 5000 ,2017,Company - Private,Aerospace & Defense,Aerospace & Defense,$1 to $2 billion (USD),0,0,84,153,118.5,VA,4,1,1,0,0,1,0,0,0,0,0,1,0,0,0,0,0,data engineer,na,na
748,Salesforce Analytics Consultant,$52K-$81K (Glassdoor est.),3.9,501 - 1000 ,1995,Company - Private,Enterprise Software & Network Solutions,Information Technology,$100 to $500 million (USD),0,0,52,81,66.5,IL,26,1,0,0,0,1,1,0,0,0,0,0,1,1,0,0,0,data analitics,na,M
749,Managing Data Scientist/ML Engineer,$81K-$134K (Glassdoor est.),3.4,1001 - 5000 ,1943,Company - Private,Consulting,Business Services,$100 to $500 million (USD),0,0,81,134,107.5,MA,78,0,1,0,1,1,0,0,0,0,0,1,1,0,0,1,0,data scientist,na,na
750,Senior Data Engineer,$97K-$180K (Glassdoor est.),4.7,51 - 200 ,2010,Company - Private,Security Services,Business Services,$10 to $25 million (USD),0,0,97,180,138.5,TX,11,1,1,0,0,1,0,0,0,0,1,0,0,0,0,0,0,data engineer,sr,na
751,Staff Scientist- Upstream PD,$49K-$113K (Glassdoor est.),2.7,201 - 500 ,1961,Company - Private,Biotech & Pharmaceuticals,Biotech & Pharmaceuticals,$25 to $50 million (USD),0,0,49,113,81.0,MD,60,0,0,0,0,0,0,0,0,0,0,0,0,0,0,0,0,other scientist,na,na
752,Data Engineering Analyst,$44K-$73K (Glassdoor est.),3.8,1001 - 5000 ,1925,Company - Private,Insurance Carriers,Insurance,$2 to $5 billion (USD),0,0,44,73,58.5,IL,96,1,1,0,1,1,0,0,0,0,0,1,0,0,0,0,0,data engineer,na,M
753,Sr. Data Engineer,$75K-$140K (Glassdoor est.),3.4,1001 - 5000 ,2005,Company - Public,Transportation Management,Transportation & Logistics,$2 to $5 billion (USD),0,0,75,140,107.5,IL,16,0,0,0,0,1,0,0,0,0,0,0,0,0,0,0,0,data engineer,sr,na
754,"Scientist, Pharmacometrics",$84K-$157K (Glassdoor est.),3.8,501 - 1000 ,2008,Company - Public,Biotech & Pharmaceuticals,Biotech & Pharmaceuticals,$50 to $100 million (USD),0,0,84,157,120.5,MA,13,0,0,0,0,0,1,0,0,0,0,0,0,0,0,0,0,other scientist,na,M
755,Manager of Data Science,$40K-$87K (Glassdoor est.),3.9,201 - 500 ,2007,Company - Private,Internet,Information Technology,$10 to $25 million (USD),0,0,40,87,63.5,CA,14,1,1,0,0,1,0,0,0,1,1,0,0,0,0,0,0,data scientist,na,na
756,Scientist Manufacturing Pharma - Kentucky BioProcessing,$68K-$139K (Glassdoor est.),3.1,5001 - 10000 ,1875,Company - Private,Consumer Products Manufacturing,Manufacturing,$10+ billion (USD),0,0,68,139,103.5,KY,146,0,0,0,0,0,0,0,0,0,0,0,0,0,0,0,0,other scientist,na,na
757,Software Engineer (Data Scientist/Software Engineer) - SISW - MG,$72K-$142K (Glassdoor est.),4.1,5001 - 10000 ,1981,Company - Public,Computer Hardware & Software,Information Technology,$1 to $2 billion (USD),0,0,72,142,107.0,CA,40,1,0,0,1,0,0,1,0,0,1,0,0,0,0,0,0,data scientist,na,na
758,Data Engineer,$74K-$137K (Glassdoor est.),3.7,5001 - 10000 ,-1,Company - Public,Aerospace & Defense,Aerospace & Defense,$2 to $5 billion (USD),0,0,74,137,105.5,VA,-1,1,1,0,0,1,0,0,0,0,0,1,0,0,0,0,0,data engineer,na,na
759,Data Engineer,$57K-$109K (Glassdoor est.),2.8,501 - 1000 ,1972,Company - Private,Insurance Carriers,Insurance,$500 million to $1 billion (USD),0,0,57,109,83.0,CA,49,0,0,0,0,1,0,0,0,0,0,0,1,1,0,0,0,data engineer,na,na
761,Lead Big Data Engineer,$121K-$203K (Glassdoor est.),4.0,1001 - 5000 ,2007,Company - Private,Internet,Information Technology,Unknown / Non-Applicable,0,0,121,203,162.0,CA,14,1,1,1,1,0,0,0,0,0,0,1,0,0,0,0,0,data engineer,sr,na
763,Product Engineer – Spatial Data Science and Statistical Analysis,$52K-$85K (Glassdoor est.),3.5,1001 - 5000 ,1969,Company - Private,Computer Hardware & Software,Information Technology,$1 to $2 billion (USD),0,0,52,85,68.5,CA,52,1,1,0,1,0,0,0,1,1,1,0,0,0,0,0,0,data scientist,na,M
766,Sr Software Engineer (Data Scientist),$81K-$140K (Glassdoor est.),3.4,10000+ ,1978,Company - Public,Insurance Carriers,Insurance,$5 to $10 billion (USD),0,0,81,140,110.5,OH,43,0,0,0,1,1,0,0,1,0,1,0,0,0,0,0,0,data scientist,sr,na
767,Sr. Data Engineer (ETL Developer),$83K-$148K (Glassdoor est.),3.7,201 - 500 ,-1,Subsidiary or Business Segment,Insurance Carriers,Insurance,$100 to $500 million (USD),0,0,83,148,115.5,IA,-1,1,0,0,1,1,0,0,0,0,0,0,1,0,0,0,0,data engineer,sr,na
768,Associate Research Scientist I (Protein Expression and Production),$59K-$116K (Glassdoor est.),3.0,501 - 1000 ,1994,Company - Public,Biotech & Pharmaceuticals,Biotech & Pharmaceuticals,Unknown / Non-Applicable,0,0,59,116,87.5,CA,27,0,0,0,1,0,0,0,0,0,0,0,0,0,0,0,0,other scientist,na,M
769,Senior Data Scientist Artificial Intelligence,$60K-$101K (Glassdoor est.),3.8,1001 - 5000 ,1965,Government,Energy,"Oil, Gas, Energy & Utilities",$500 million to $1 billion (USD),0,0,60,101,80.5,WA,56,0,0,0,0,0,0,0,1,0,1,0,0,0,0,0,0,data scientist,sr,M
773,Analytics - Business Assurance Data Analyst,$31K-$55K (Glassdoor est.),4.6,501 - 1000 ,1992,Company - Private,Lending,Finance,$100 to $500 million (USD),0,0,31,55,43.0,IA,29,0,0,0,1,1,0,0,0,0,0,0,1,0,0,0,0,analyst,na,na
776,"Associate Director/Director, Safety Scientist",$102K-$178K (Glassdoor est.),4.4,201 - 500 ,2003,Company - Public,Biotech & Pharmaceuticals,Biotech & Pharmaceuticals,Unknown / Non-Applicable,0,0,102,178,140.0,MA,18,0,0,0,1,0,0,0,0,0,0,0,0,0,0,0,0,director,na,P
777,"Director, Precision Medicine Clinical Biomarker Scientist",$136K-$208K (Glassdoor est.),4.0,10000+ ,1849,Company - Public,Biotech & Pharmaceuticals,Biotech & Pharmaceuticals,$10+ billion (USD),0,0,136,208,172.0,MA,172,0,0,1,0,0,0,0,0,0,0,0,0,0,0,0,0,director,na,P
778,"Senior Scientist, Cell Pharmacology/Assay Development",Employer Provided Salary:$110K-$130K,-1.0,unknown,-1,Company - Private,-1,-1,Unknown / Non-Applicable,0,1,110,130,120.0,MA,-1,0,0,0,0,0,0,0,0,0,0,0,0,0,0,0,0,other scientist,sr,P
779,Data Analyst Senior,$48K-$85K (Glassdoor est.),3.0,5001 - 10000 ,1983,Company - Private,Insurance Carriers,Insurance,$5 to $10 billion (USD),0,0,48,85,66.5,PA,38,0,0,0,1,1,1,0,0,0,0,0,1,0,0,0,0,analyst,sr,M
780,Senior Formulations Scientist II,$71K-$129K (Glassdoor est.),3.0,501 - 1000 ,1994,Company - Public,Biotech & Pharmaceuticals,Biotech & Pharmaceuticals,Unknown / Non-Applicable,0,0,71,129,100.0,CA,27,0,0,0,1,0,0,0,0,0,0,0,0,0,0,0,0,other scientist,sr,P
781,Lead Data Engineer (Python),$66K-$123K (Glassdoor est.),4.7,51 - 200 ,2006,Company - Private,Staffing & Outsourcing,Business Services,$1 to $5 million (USD),0,0,66,123,94.5,CA,15,1,0,1,0,0,0,0,0,0,0,0,0,0,0,0,0,data engineer,sr,na
782,Data Science Manager,$171K-$272K (Glassdoor est.),4.2,501 - 1000 ,2011,Company - Private,Health Care Services & Hospitals,Health Care,Unknown / Non-Applicable,0,0,171,272,221.5,CA,10,1,0,0,1,1,0,0,0,0,0,0,0,0,0,0,0,data scientist,na,na
783,Senior Data Scientist 4 Artificial Intelligence,$92K-$146K (Glassdoor est.),3.8,1001 - 5000 ,1965,Government,Energy,"Oil, Gas, Energy & Utilities",$500 million to $1 billion (USD),0,0,92,146,119.0,WA,56,0,0,0,0,0,0,0,1,0,1,0,0,0,0,0,0,data scientist,sr,M
784,Data Engineer,$65K-$126K (Glassdoor est.),3.5,201 - 500 ,1995,Company - Private,Consulting,Business Services,$50 to $100 million (USD),0,0,65,126,95.5,IL,26,1,0,0,0,1,0,0,0,0,0,0,0,0,0,0,0,data engineer,na,M
785,"Director II, Data Science - GRS Predictive Analytics",$150K-$239K (Glassdoor est.),3.3,10000+ ,1912,Company - Private,Insurance Carriers,Insurance,$10+ billion (USD),0,0,150,239,194.5,IL,109,1,0,0,0,0,1,0,0,0,0,0,0,0,0,0,0,data scientist,na,P
786,Medical Lab Scientist - MLT,$21-$29 Per Hour(Glassdoor est.),3.2,10000+ ,1996,Nonprofit Organization,Health Care Services & Hospitals,Health Care,$10+ billion (USD),1,0,43,60,51.5,NE,25,0,0,0,0,0,0,0,0,0,0,0,0,0,0,0,0,other scientist,na,na
787,"Senior Operations Data Analyst, Call Center Operations",$10-$17 Per Hour(Glassdoor est.),2.7,5001 - 10000 ,2000,Company - Public,Financial Transaction Processing,Finance,$2 to $5 billion (USD),1,0,20,35,27.5,TN,21,0,0,0,1,0,0,0,0,0,0,0,1,0,0,0,0,analyst,sr,na
788,Senior Quantitative Analyst,$118K-$228K (Glassdoor est.),3.3,1001 - 5000 ,1973,Company - Private,Brokerage Services,Finance,$1 to $2 billion (USD),0,0,118,228,173.0,NJ,48,1,0,0,1,1,0,0,0,0,0,0,0,0,0,0,0,analyst,sr,na
789,Geospatial Software Developer and Data Scientist,$82K-$129K(Employer est.),3.7,501 - 1000 ,-1,College / University,Colleges & Universities,Education,Unknown / Non-Applicable,0,0,82,129,105.5,TX,-1,1,0,1,0,0,0,1,1,1,1,0,0,0,0,0,0,data scientist,na,na
790,RESEARCH COMPUTER SCIENTIST - RESEARCH ENGINEER - SR. COMPUTER SCIENTIST - SOFTWARE DEVELOPMENT,$52K-$91K (Glassdoor est.),3.9,1001 - 5000 ,1947,Nonprofit Organization,Research & Development,Business Services,$500 million to $1 billion (USD),0,0,52,91,71.5,TX,74,1,0,1,1,1,0,0,0,0,0,0,0,0,0,0,0,other scientist,sr,na
791,Senior Scientist - Toxicologist - Product Integrity (Stewardship),$47K-$101K (Glassdoor est.),3.1,5001 - 10000 ,1875,Company - Private,Consumer Products Manufacturing,Manufacturing,$10+ billion (USD),0,0,47,101,74.0,NC,146,0,0,0,1,0,0,0,0,0,0,0,0,0,0,0,0,other scientist,sr,M
794,Systems Engineer II - Data Analyst,$49K-$76K (Glassdoor est.),3.7,10000+ ,1922,Company - Public,Aerospace & Defense,Aerospace & Defense,$10+ billion (USD),0,0,49,76,62.5,AL,99,0,0,0,1,0,0,0,0,0,0,0,0,0,0,0,0,analyst,na,na
795,Senior Research Analytical Scientist-Non-Targeted Analysis,$43K-$88K (Glassdoor est.),4.3,1001 - 5000 ,1958,Nonprofit Organization,Research & Development,Business Services,$500 million to $1 billion (USD),0,0,43,88,65.5,NC,63,0,0,0,0,0,0,0,0,0,0,0,0,0,0,0,0,other scientist,sr,P
797,Data Scientist,$61K-$109K (Glassdoor est.),3.8,10000+ ,1948,Company - Public,Sporting Goods Stores,Retail,$5 to $10 billion (USD),0,0,61,109,85.0,PA,73,1,0,0,0,1,0,0,1,0,1,0,0,0,0,0,0,data scientist,na,M
799,Principal Data Scientist,$113K-$182K (Glassdoor est.),3.9,10000+ ,1913,Company - Public,Biotech & Pharmaceuticals,Biotech & Pharmaceuticals,$10+ billion (USD),0,0,113,182,147.5,MD,108,1,0,0,1,0,0,0,0,0,0,0,0,0,0,0,0,data scientist,sr,P
802,Director Data Science,$124K-$199K (Glassdoor est.),3.6,1001 - 5000 ,1989,Company - Private,Advertising & Marketing,Business Services,Unknown / Non-Applicable,0,0,124,199,161.5,NJ,32,1,0,1,1,1,0,0,0,0,0,0,1,1,0,0,0,data scientist,na,na
803,Data Engineer,$58K-$104K (Glassdoor est.),3.7,10000+ ,1899,Nonprofit Organization,Health Care Services & Hospitals,Health Care,$1 to $2 billion (USD),0,0,58,104,81.0,VA,122,0,0,0,1,0,0,0,0,0,0,0,0,0,0,0,0,data engineer,na,M
804,Sr Data Analyst - IT,$52K-$93K (Glassdoor est.),2.1,1001 - 5000 ,2003,Other Organization,Biotech & Pharmaceuticals,Biotech & Pharmaceuticals,$100 to $500 million (USD),0,0,52,93,72.5,PA,18,0,0,0,1,1,0,0,0,0,0,0,1,0,0,0,0,analyst,sr,na
806,Senior Data Engineer,$97K-$181K (Glassdoor est.),3.9,51 - 200 ,2008,Company - Public,Computer Hardware & Software,Information Technology,$10 to $25 million (USD),0,0,97,181,139.0,CA,13,1,0,1,1,0,0,0,0,0,0,0,0,0,0,0,0,data engineer,sr,na
807,Senior Data Engineer,$100K-$173K (Glassdoor est.),3.9,201 - 500 ,2007,Company - Private,Internet,Information Technology,$10 to $25 million (USD),0,0,100,173,136.5,CA,14,0,0,0,0,1,0,0,0,0,0,0,0,0,0,0,0,data engineer,sr,na
808,Sr. Data Analyst,$58K-$108K (Glassdoor est.),3.2,201 - 500 ,2008,Company - Private,Internet,Information Technology,Unknown / Non-Applicable,0,0,58,108,83.0,NY,13,1,1,0,1,1,0,0,0,0,0,0,0,0,0,0,0,analyst,sr,na
809,Research Scientist or Senior Research Scientist - Computer Vision,$81K-$161K (Glassdoor est.),4.6,51 - 200 ,1991,Subsidiary or Business Segment,Research & Development,Business Services,$5 to $10 million (USD),0,0,81,161,121.0,MA,30,0,0,1,1,0,0,0,1,0,1,0,0,0,0,0,0,other scientist,sr,P
810,Associate Machine Learning Engineer / Data Scientist May 2020 Undergrad,$53K-$96K (Glassdoor est.),3.8,1001 - 5000 ,2002,Company - Private,Travel Agencies,Travel & Tourism,$2 to $5 billion (USD),0,0,53,96,74.5,NY,19,1,1,0,0,0,0,0,0,0,0,0,0,0,0,0,0,data scientist,na,na
811,Data Analyst Chemist - Quality System Contractor,$61K-$110K (Glassdoor est.),2.2,501 - 1000 ,2002,Company - Private,Beauty & Personal Accessories Stores,Retail,Unknown / Non-Applicable,0,0,61,110,85.5,CA,19,0,0,0,1,0,0,0,0,0,0,0,0,0,0,0,0,analyst,na,na
812,Senior Scientist - Biostatistician,$65K-$96K (Glassdoor est.),3.1,5001 - 10000 ,1875,Company - Private,Consumer Products Manufacturing,Manufacturing,$10+ billion (USD),0,0,65,96,80.5,NC,146,0,0,0,1,0,0,0,0,0,0,0,0,0,0,0,0,other scientist,sr,M
815,Research Scientist / Principal Research Scientist - Multiphysical Systems,$115K-$220K (Glassdoor est.),4.6,51 - 200 ,1991,Subsidiary or Business Segment,Research & Development,Business Services,$5 to $10 million (USD),0,0,115,220,167.5,MA,30,0,0,0,0,0,0,0,0,0,0,0,0,0,0,0,0,other scientist,sr,P
816,"Research Scientist, Machine Learning Department",$71K-$144K (Glassdoor est.),2.6,501 - 1000 ,1984,College / University,Colleges & Universities,Education,Unknown / Non-Applicable,0,0,71,144,107.5,PA,37,1,0,0,0,1,0,0,0,1,0,0,0,0,0,0,0,machine learning engineer,na,P
817,Foundational Community Supports Data Analyst,$32K-$57K (Glassdoor est.),3.4,501 - 1000 ,1979,Nonprofit Organization,Social Assistance,Non-Profit,$25 to $50 million (USD),0,0,32,57,44.5,WA,42,0,0,1,1,1,0,0,0,0,0,0,0,0,0,0,0,analyst,na,na
818,"Senior Health Data Analyst, Star Ratings",$79K-$136K (Glassdoor est.),3.3,1001 - 5000 ,1889,Company - Private,Health Care Services & Hospitals,Health Care,$500 million to $1 billion (USD),0,0,79,136,107.5,MD,132,0,0,0,0,1,0,0,0,0,0,0,0,0,0,0,0,analyst,sr,M
819,"Principal Research Scientist/Team Lead, Medicinal Chemistry - Oncology",Employer Provided Salary:$120K-$145K,-1.0,unknown,-1,Company - Private,-1,-1,Unknown / Non-Applicable,0,1,120,145,132.5,MA,-1,0,0,0,0,0,0,0,0,0,0,0,0,0,0,0,0,other scientist,sr,P
820,Sr. Data Analyst,$50K-$89K (Glassdoor est.),3.7,201 - 500 ,1994,Company - Private,Health Care Services & Hospitals,Health Care,$500 million to $1 billion (USD),0,0,50,89,69.5,PA,27,0,0,0,1,1,0,0,0,0,0,0,1,1,0,0,0,analyst,sr,na
821,"Senior Engineer, Data Management Engineering",$68K-$129K (Glassdoor est.),3.5,10000+ ,1970,Company - Public,Computer Hardware & Software,Information Technology,$10+ billion (USD),0,0,68,129,98.5,CA,51,1,1,1,0,1,0,0,0,0,0,1,0,0,0,0,0,na,sr,na
822,Quality Control Scientist III- Analytical Development,$48K-$113K (Glassdoor est.),2.7,201 - 500 ,1961,Company - Private,Biotech & Pharmaceuticals,Biotech & Pharmaceuticals,$25 to $50 million (USD),0,0,48,113,80.5,MD,60,0,0,0,1,0,0,0,0,0,0,0,0,0,0,0,0,other scientist,na,na
823,"Clinical Scientist, Clinical Development",$27-$47 Per Hour(Glassdoor est.),3.8,51 - 200 ,2008,Company - Private,Biotech & Pharmaceuticals,Biotech & Pharmaceuticals,$10 to $25 million (USD),1,0,56,97,76.5,MA,13,0,0,0,1,0,0,0,0,0,0,0,0,0,0,0,0,other scientist,na,na
824,Software Engineer Staff Scientist: Human Language Technologies,$74K-$124K (Glassdoor est.),3.7,10000+ ,1922,Company - Public,Aerospace & Defense,Aerospace & Defense,$10+ billion (USD),0,0,74,124,99.0,MD,99,1,0,0,0,1,0,0,0,0,0,0,0,0,0,0,0,other scientist,na,na
825,"Manager, Safety Scientist, Medical Safety & Risk Management",$68K-$125K (Glassdoor est.),3.8,501 - 1000 ,2008,Company - Public,Biotech & Pharmaceuticals,Biotech & Pharmaceuticals,$50 to $100 million (USD),0,0,68,125,96.5,MA,13,0,0,0,1,0,0,0,0,0,0,0,0,0,0,0,0,Data scientist project manager,na,na
826,"Assistant Director/Director, Office of Data Science",$39K-$67K (Glassdoor est.),3.3,10000+ ,1912,Company - Private,Insurance Carriers,Insurance,$10+ billion (USD),0,0,39,67,53.0,MA,109,0,0,0,0,0,0,0,0,0,0,0,0,0,0,0,0,data scientist,na,M
827,Sr. Data Engineer | Big Data SaaS Pipeline,$71K-$135K (Glassdoor est.),2.7,1 - 50 ,2011,Company - Private,Enterprise Software & Network Solutions,Information Technology,Unknown / Non-Applicable,0,0,71,135,103.0,CA,10,0,1,1,0,0,0,0,0,0,0,1,0,0,1,0,0,data engineer,sr,na
828,Senior Risk Data Scientist,$107K-$172K (Glassdoor est.),3.8,501 - 1000 ,2006,Company - Public,Financial Transaction Processing,Finance,$50 to $100 million (USD),0,0,107,172,139.5,CA,15,0,0,0,0,1,1,0,0,0,0,0,0,0,0,0,0,data scientist,sr,M
829,Data Scientist in Artificial Intelligence Early Career,$49K-$85K (Glassdoor est.),3.8,1001 - 5000 ,1965,Government,Energy,"Oil, Gas, Energy & Utilities",$500 million to $1 billion (USD),0,0,49,85,67.0,WA,56,0,0,0,0,0,0,0,1,0,1,0,0,0,0,0,0,data scientist,na,M
830,Consultant - Analytics Consulting,$54K-$71K (Glassdoor est.),3.0,10000+ ,1981,Company - Public,IT Services,Information Technology,$10+ billion (USD),0,0,54,71,62.5,CT,40,0,0,0,1,0,0,0,0,0,0,0,0,0,0,0,0,data analitics,na,na
831,Scientist - CVRM Metabolism - in vivo pharmacology,$61K-$123K (Glassdoor est.),3.9,10000+ ,1913,Company - Public,Biotech & Pharmaceuticals,Biotech & Pharmaceuticals,$10+ billion (USD),0,0,61,123,92.0,MD,108,0,0,0,0,0,0,0,0,0,0,0,0,0,0,0,0,other scientist,na,na
832,Data Analyst,$47K-$85K (Glassdoor est.),3.6,1 - 50 ,1980,Company - Private,Health Care Services & Hospitals,Health Care,$10 to $25 million (USD),0,0,47,85,66.0,NY,41,0,0,0,1,0,0,0,0,0,0,0,0,0,0,0,0,analyst,na,na
836,Data Engineer,$65K-$124K (Glassdoor est.),3.5,501 - 1000 ,2013,Company - Private,Health Care Services & Hospitals,Health Care,Unknown / Non-Applicable,0,0,65,124,94.5,CA,8,1,1,1,1,1,0,0,0,0,0,1,0,0,0,0,0,data engineer,na,M
837,Data Scientist,$87K-$141K (Glassdoor est.),3.6,1001 - 5000 ,1989,Company - Private,Advertising & Marketing,Business Services,Unknown / Non-Applicable,0,0,87,141,114.0,NJ,32,1,0,1,1,1,0,0,0,0,0,1,1,1,0,0,0,data scientist,na,na
838,Data Scientist,$56K-$95K (Glassdoor est.),4.2,51 - 200 ,2012,Company - Private,Education Training Services,Education,Unknown / Non-Applicable,0,0,56,95,75.5,NY,9,1,0,1,0,1,0,0,0,0,0,1,1,0,0,0,0,data scientist,na,na
839,Data Scientist,$71K-$121K (Glassdoor est.),3.5,1 - 50 ,-1,School / School District,K-12 Education,Education,$5 to $10 million (USD),0,0,71,121,96.0,MO,-1,0,0,0,1,1,0,0,0,0,0,1,0,0,0,0,0,data scientist,na,P
840,Machine Learning Engineer,$62K-$112K (Glassdoor est.),4.0,501 - 1000 ,1954,Company - Public,Aerospace & Defense,Aerospace & Defense,$100 to $500 million (USD),0,0,62,112,87.0,VA,67,1,0,0,0,0,0,0,0,0,0,0,0,0,0,0,0,machine learning engineer,na,na
841,Data Scientist,$64K-$108K (Glassdoor est.),3.7,201 - 500 ,2006,Company - Private,IT Services,Information Technology,$25 to $50 million (USD),0,0,64,108,86.0,MD,15,1,0,0,1,0,1,0,0,0,0,0,0,0,0,0,0,data scientist,na,M
845,Senior Data Scientist,$89K-$144K (Glassdoor est.),4.4,1 - 50 ,2012,Company - Private,Internet,Information Technology,Unknown / Non-Applicable,0,0,89,144,116.5,CA,9,1,0,0,0,1,0,0,0,0,0,0,0,0,0,0,0,data scientist,sr,M
848,Senior Scientist (Neuroscience),$109K-$200K (Glassdoor est.),3.5,1001 - 5000 ,2010,Company - Private,Biotech & Pharmaceuticals,Biotech & Pharmaceuticals,$1 to $2 billion (USD),0,0,109,200,154.5,MA,11,1,0,0,1,0,0,0,0,0,0,0,0,0,0,0,0,other scientist,sr,P
851,Marketing Data Analyst,$35K-$62K (Glassdoor est.),3.6,1001 - 5000 ,1986,Company - Private,Gambling,"Arts, Entertainment & Recreation",$100 to $500 million (USD),0,0,35,62,48.5,CA,35,0,0,0,1,1,1,0,0,0,0,0,1,0,0,0,1,analyst,na,M
852,Machine Learning Engineer - Regulatory,$61K-$113K (Glassdoor est.),3.7,501 - 1000 ,1973,Company - Public,Stock Exchanges,Finance,$500 million to $1 billion (USD),0,0,61,113,87.0,KS,48,1,0,0,1,1,0,0,0,0,0,1,0,0,0,0,0,machine learning engineer,na,na
853,Data Engineer,$55K-$105K (Glassdoor est.),3.4,501 - 1000 ,2002,Company - Private,IT Services,Information Technology,$1 to $2 billion (USD),0,0,55,105,80.0,TX,19,1,1,0,1,1,0,0,0,0,0,1,0,0,0,0,0,data engineer,na,na
854,Medical Laboratory Scientist,$18-$25 Per Hour(Glassdoor est.),4.0,1001 - 5000 ,1977,Hospital,Health Care Services & Hospitals,Health Care,$50 to $100 million (USD),1,0,37,52,44.5,TX,44,0,0,1,0,0,0,0,0,0,0,0,0,0,0,0,0,other scientist,na,na
855,Principal Data Scientist,$135K-$211K (Glassdoor est.),3.7,10000+ ,1939,Company - Public,Aerospace & Defense,Aerospace & Defense,$10+ billion (USD),0,0,135,211,173.0,CA,82,1,0,0,0,0,0,0,0,0,0,0,0,0,0,0,0,data scientist,sr,M
856,R&D Specialist/ Food Scientist,$39K-$66K (Glassdoor est.),2.4,501 - 1000 ,-1,Company - Private,Food & Beverage Manufacturing,Manufacturing,$100 to $500 million (USD),0,0,39,66,52.5,IL,-1,0,0,0,0,0,0,0,0,0,0,0,0,0,0,0,0,other scientist,na,na
857,Data Engineer,$57K-$80K (Glassdoor est.),3.5,501 - 1000 ,1997,Company - Private,Biotech & Pharmaceuticals,Biotech & Pharmaceuticals,Unknown / Non-Applicable,0,0,57,80,68.5,AZ,24,1,1,0,0,0,0,0,0,0,0,0,0,0,0,0,0,data engineer,na,na
858,"Associate Principal Scientist, Pharmacogenomics",$63K-$127K (Glassdoor est.),3.9,10000+ ,1913,Company - Public,Biotech & Pharmaceuticals,Biotech & Pharmaceuticals,$10+ billion (USD),0,0,63,127,95.0,MD,108,0,0,0,0,0,0,0,0,0,0,0,0,0,0,0,0,other scientist,sr,P
859,Data Scientist - Systems Engineering,$50K-$89K (Glassdoor est.),3.2,5001 - 10000 ,1958,Nonprofit Organization,Federal Agencies,Government,$1 to $2 billion (USD),0,0,50,89,69.5,MA,63,1,0,0,1,1,1,0,0,0,0,0,1,0,0,1,0,data scientist,na,na
860,Senior Data Scientist,$82K-$132K (Glassdoor est.),4.4,201 - 500 ,1885,Subsidiary or Business Segment,Metals Brokers,Mining & Metals,Unknown / Non-Applicable,0,0,82,132,107.0,OH,136,1,0,1,0,1,0,0,0,0,0,0,1,1,0,0,0,data scientist,sr,M
861,Data Scientist SR,$85K-$139K (Glassdoor est.),3.9,501 - 1000 ,2010,Company - Private,IT Services,Information Technology,$100 to $500 million (USD),0,0,85,139,112.0,VA,11,1,1,0,0,1,0,0,0,0,0,1,0,0,0,0,0,data scientist,sr,M
863,Data Scientist,$72K-$121K (Glassdoor est.),3.4,51 - 200 ,1997,Company - Private,Consulting,Business Services,$10 to $25 million (USD),0,0,72,121,96.5,DC,24,1,0,0,0,0,0,0,0,0,1,0,0,0,0,0,0,data scientist,na,M
864,"Scientist, Bacteriology",$74K-$149K (Glassdoor est.),2.1,201 - 500 ,-1,Company - Public,Biotech & Pharmaceuticals,Biotech & Pharmaceuticals,$25 to $50 million (USD),0,0,74,149,111.5,CA,-1,0,0,0,1,0,0,0,0,0,0,0,0,0,0,0,0,other scientist,na,P
866,"Associate Director, Platform and DevOps- Data Engineering and Aritifical Intelligence",$113K-$196K (Glassdoor est.),3.7,10000+ ,1781,Company - Public,Biotech & Pharmaceuticals,Biotech & Pharmaceuticals,$10+ billion (USD),0,0,113,196,154.5,MA,240,0,1,1,1,1,0,0,0,0,0,1,0,0,0,1,0,data engineer,na,M
867,Data Scientist,$69K-$121K (Glassdoor est.),3.4,201 - 500 ,2011,Company - Private,Health Care Services & Hospitals,Health Care,Unknown / Non-Applicable,0,0,69,121,95.0,NY,10,1,1,1,0,1,0,0,0,0,0,0,1,0,0,0,0,data scientist,na,na
868,Data Scientist,$71K-$124K (Glassdoor est.),4.0,501 - 1000 ,2007,Company - Private,Consumer Product Rental,Consumer Services,Unknown / Non-Applicable,0,0,71,124,97.5,NY,14,1,0,0,1,1,0,0,0,0,0,0,0,0,0,0,0,data scientist,na,na
869,Senior Data Scientist,$97K-$160K (Glassdoor est.),4.4,201 - 500 ,2008,Company - Private,Consulting,Business Services,$50 to $100 million (USD),0,0,97,160,128.5,IL,13,1,0,1,1,1,0,0,0,0,0,1,1,0,0,0,0,data scientist,sr,na
870,Senior Research Scientist-Machine Learning,$81K-$167K (Glassdoor est.),2.6,501 - 1000 ,1984,College / University,Colleges & Universities,Education,Unknown / Non-Applicable,0,0,81,167,124.0,PA,37,0,0,0,0,0,0,0,0,0,0,0,0,0,0,0,0,machine learning engineer,sr,P
871,Principal Data Scientist,$150K-$238K (Glassdoor est.),3.2,501 - 1000 ,2006,Subsidiary or Business Segment,Enterprise Software & Network Solutions,Information Technology,Unknown / Non-Applicable,0,0,150,238,194.0,CA,15,0,0,1,1,0,0,0,0,0,0,0,0,0,0,0,0,data scientist,sr,na
875,Clinical Laboratory Scientist,$24-$39 Per Hour(Glassdoor est.),3.7,501 - 1000 ,1966,Hospital,Health Care Services & Hospitals,Health Care,$100 to $500 million (USD),1,0,49,81,65.0,CO,55,0,0,0,0,0,0,0,0,0,0,0,0,0,0,0,0,other scientist,na,na
877,"Data Analyst 1, full-time contract worker for up to 12 months",$35K-$65K (Glassdoor est.),4.2,10000+ ,-1,Nonprofit Organization,Religious Organizations,Non-Profit,Unknown / Non-Applicable,0,0,35,65,50.0,UT,-1,0,0,1,1,1,0,0,0,0,0,0,0,0,0,0,0,analyst,na,na
878,Data Scientist,$77K-$132K (Glassdoor est.),3.5,201 - 500 ,2005,Company - Public,Advertising & Marketing,Business Services,Unknown / Non-Applicable,0,0,77,132,104.5,NY,16,1,1,1,1,1,0,0,0,0,0,0,0,0,0,0,0,data scientist,na,M
879,Data Scientist,$51K-$88K (Glassdoor est.),4.3,201 - 500 ,1969,Company - Private,IT Services,Information Technology,$50 to $100 million (USD),0,0,51,88,69.5,AZ,52,1,0,0,1,1,1,0,0,1,0,0,0,0,0,0,0,data scientist,na,na
880,Data Scientist,$101K-$141K (Glassdoor est.),2.6,10000+ ,1997,Company - Private,Colleges & Universities,Education,Unknown / Non-Applicable,0,0,101,141,121.0,CA,24,1,0,0,0,1,1,0,0,0,0,0,1,1,0,0,0,data scientist,na,M
881,Data Engineer - Consultant (Charlotte Based),$59K-$112K (Glassdoor est.),4.2,201 - 500 ,2008,Company - Private,IT Services,Information Technology,Unknown / Non-Applicable,0,0,59,112,85.5,NC,13,1,0,0,1,1,0,0,0,0,0,1,0,0,0,0,0,data engineer,na,na
883,Data Engineer,$79K-$147K (Glassdoor est.),3.1,1001 - 5000 ,1997,Company - Public,Video Games,Media,$10+ billion (USD),0,0,79,147,113.0,CA,24,1,1,1,1,1,0,0,0,0,0,0,0,0,0,1,0,data engineer,na,na
884,Data Scientist (Warehouse Automation),$79K-$127K (Glassdoor est.),3.8,201 - 500 ,2005,Subsidiary or Business Segment,Consumer Products Manufacturing,Manufacturing,$25 to $50 million (USD),0,0,79,127,103.0,CA,16,1,0,1,0,1,0,0,0,0,0,0,1,1,0,0,0,data scientist,na,M
886,"Scientist, Immuno-Oncology",$62K-$119K (Glassdoor est.),3.9,10000+ ,1830,Company - Public,Biotech & Pharmaceuticals,Biotech & Pharmaceuticals,$10+ billion (USD),0,0,62,119,90.5,MA,191,0,0,1,0,0,0,0,0,0,0,0,0,0,0,0,0,other scientist,na,M
887,Senior Data Scientist,$119K-$187K (Glassdoor est.),4.3,51 - 200 ,2008,Company - Private,Computer Hardware & Software,Information Technology,Unknown / Non-Applicable,0,0,119,187,153.0,CA,13,1,1,0,1,0,0,0,0,0,0,0,0,0,0,0,0,data scientist,sr,na
892,Jr. Data Scientist,$81K-$132K (Glassdoor est.),3.2,5001 - 10000 ,1958,Nonprofit Organization,Federal Agencies,Government,$1 to $2 billion (USD),0,0,81,132,106.5,VA,63,1,1,0,1,1,1,0,0,0,0,1,1,0,0,0,0,data scientist,jr,na
893,Senior Data Scientist,Employer Provided Salary:$120K-$140K,5.0,51 - 200 ,2011,Company - Private,Computer Hardware & Software,Information Technology,Unknown / Non-Applicable,0,1,120,140,130.0,MI,10,0,0,0,1,0,0,0,0,0,0,0,0,0,0,0,0,data scientist,sr,M
895,Products Data Analyst II,$90K-$157K (Glassdoor est.),3.3,1001 - 5000 ,1988,Company - Public,Consulting,Business Services,$2 to $5 billion (USD),0,0,90,157,123.5,CA,33,0,0,0,1,1,1,0,0,0,0,0,1,0,0,1,0,analyst,na,M
896,Data Architect / Data Modeler,$63K-$110K (Glassdoor est.),4.3,1001 - 5000 ,1999,Company - Public,Enterprise Software & Network Solutions,Information Technology,$500 million to $1 billion (USD),0,0,63,110,86.5,NY,22,0,0,1,1,1,0,0,0,0,0,0,0,0,0,0,0,data modeler,na,M
897,Analytics Manager - Data Mart,$42K-$86K (Glassdoor est.),3.5,501 - 1000 ,1996,Nonprofit Organization,Health Care Services & Hospitals,Health Care,$500 million to $1 billion (USD),0,0,42,86,64.0,CA,25,0,0,0,0,1,0,0,0,0,0,0,1,0,0,0,0,Data scientist project manager,na,na
898,Lead Data Analyst,$32K-$62K (Glassdoor est.),3.9,201 - 500 ,2010,Company - Private,Internet,Information Technology,$10 to $25 million (USD),0,0,32,62,47.0,NY,11,0,1,0,0,1,0,0,0,0,0,0,0,0,0,0,0,analyst,sr,na
899,Data Science Engineer - Mobile,$116K-$208K (Glassdoor est.),4.0,10000+ ,1982,Company - Public,Computer Hardware & Software,Information Technology,$5 to $10 billion (USD),0,0,116,208,162.0,CA,39,1,0,0,1,1,0,0,0,0,0,1,1,1,0,0,0,data scientist,na,M
900,Senior Data Scientist Oncology,$107K-$173K (Glassdoor est.),3.9,10000+ ,1913,Company - Public,Biotech & Pharmaceuticals,Biotech & Pharmaceuticals,$10+ billion (USD),0,0,107,173,140.0,MD,108,1,0,0,1,0,0,0,0,0,0,0,0,0,0,0,0,data scientist,sr,P
901,Data Scientist,$65K-$113K (Glassdoor est.),3.4,51 - 200 ,-1,Company - Private,IT Services,Information Technology,$5 to $10 million (USD),0,0,65,113,89.0,WA,-1,0,0,0,0,0,0,0,0,0,0,0,0,0,0,0,0,data scientist,na,na
902,Sr. Data Engineer - Contract-to-Hire (Java),$69K-$127K (Glassdoor est.),3.0,10000+ ,1958,Company - Private,Gas Stations,Retail,$10+ billion (USD),0,0,69,127,98.0,TN,63,1,0,0,0,1,0,0,0,0,0,0,0,0,0,0,0,data engineer,sr,M
904,Senior Data Scientist - R&D Oncology,$102K-$172K (Glassdoor est.),3.9,10000+ ,1913,Company - Public,Biotech & Pharmaceuticals,Biotech & Pharmaceuticals,$10+ billion (USD),0,0,102,172,137.0,NY,108,1,0,0,0,0,0,0,0,0,0,0,0,0,0,0,0,data scientist,sr,P
907,Data Engineer,$74K-$124K (Glassdoor est.),4.0,501 - 1000 ,1915,Nonprofit Organization,Insurance Carriers,Insurance,$500 million to $1 billion (USD),0,0,74,124,99.0,CO,106,1,0,1,0,1,0,0,0,0,0,0,0,0,0,0,0,data engineer,na,M
909,Food Scientist - Developer,$40K-$68K (Glassdoor est.),3.3,501 - 1000 ,1964,Company - Private,Food & Beverage Manufacturing,Manufacturing,Unknown / Non-Applicable,0,0,40,68,54.0,WI,57,0,0,0,0,0,0,0,0,0,0,0,0,0,0,0,0,other scientist,na,na
910,Senior Data Engineer,$76K-$142K (Glassdoor est.),3.2,1001 - 5000 ,2004,Company - Private,Health Care Services & Hospitals,Health Care,Unknown / Non-Applicable,0,0,76,142,109.0,TN,17,0,0,1,1,0,0,0,0,0,0,1,0,0,0,0,0,data engineer,sr,na
911,Data Engineer,$76K-$142K (Glassdoor est.),3.4,201 - 500 ,1999,Company - Private,IT Services,Information Technology,$25 to $50 million (USD),0,0,76,142,109.0,MD,22,0,0,1,0,0,0,0,0,0,0,0,0,0,0,0,0,data engineer,na,M
912,Senior Data Scientist,$108K-$171K (Glassdoor est.),4.4,1001 - 5000 ,1984,Company - Private,Computer Hardware & Software,Information Technology,$1 to $2 billion (USD),0,0,108,171,139.5,MA,37,1,0,0,0,1,0,0,0,0,0,0,1,1,0,0,0,data scientist,sr,M
913,"Director II, Data Science - GRM Actuarial",$202K-$306K (Glassdoor est.),3.3,10000+ ,1912,Company - Private,Insurance Carriers,Insurance,$10+ billion (USD),0,0,202,306,254.0,IL,109,1,0,0,0,0,1,0,0,0,0,0,0,0,0,0,0,data scientist,na,M
914,Machine Learning Engineer,$91K-$159K (Glassdoor est.),3.2,1001 - 5000 ,1975,Company - Private,Computer Hardware & Software,Information Technology,Unknown / Non-Applicable,0,0,91,159,125.0,NY,46,1,0,1,1,1,0,0,1,0,1,0,0,0,0,0,0,machine learning engineer,na,M
916,"Sr Expert Data Science, Advanced Visual Analytics (Associate level)",$80K-$133K (Glassdoor est.),3.8,10000+ ,1996,Company - Public,Biotech & Pharmaceuticals,Biotech & Pharmaceuticals,$10+ billion (USD),0,0,80,133,106.5,MA,25,1,0,0,0,1,1,0,0,0,0,0,1,1,0,0,0,data scientist,sr,M
919,MED TECH/LAB SCIENTIST- SOUTH COASTAL LAB,$21-$34 Per Hour(Glassdoor est.),3.6,1001 - 5000 ,1935,Nonprofit Organization,Health Care Services & Hospitals,Health Care,$100 to $500 million (USD),1,0,43,70,56.5,DE,86,0,0,0,0,0,0,0,0,0,0,0,0,0,0,0,0,other scientist,na,na
920,"Scientist, Molecular/Cellular Biologist",$49K-$97K (Glassdoor est.),2.9,201 - 500 ,2012,Subsidiary or Business Segment,Biotech & Pharmaceuticals,Biotech & Pharmaceuticals,Unknown / Non-Applicable,0,0,49,97,73.0,CA,9,0,0,0,0,0,0,0,0,0,0,0,0,0,0,0,0,other scientist,na,P
921,Staff Scientist-Downstream Process Development,$49K-$113K (Glassdoor est.),2.7,201 - 500 ,1961,Company - Private,Biotech & Pharmaceuticals,Biotech & Pharmaceuticals,$25 to $50 million (USD),0,0,49,113,81.0,MD,60,0,0,0,1,0,0,0,0,0,0,0,0,0,0,0,0,other scientist,na,P
924,Data Scientist,$96K-$161K (Glassdoor est.),3.2,1 - 50 ,-1,Company - Private,Staffing & Outsourcing,Business Services,$5 to $10 million (USD),0,0,96,161,128.5,PA,-1,1,1,1,0,1,0,0,0,0,0,1,0,0,0,0,0,data scientist,na,na
926,Scientist - Analytical Services,$65K-$134K (Glassdoor est.),3.1,5001 - 10000 ,1875,Company - Private,Consumer Products Manufacturing,Manufacturing,$10+ billion (USD),0,0,65,134,99.5,NC,146,0,0,0,1,0,0,0,0,0,0,0,0,0,0,0,0,other scientist,na,na
928,"Associate Scientist / Sr. Associate Scientist, Antibody Discovery",$59K-$125K (Glassdoor est.),4.0,501 - 1000 ,2006,Company - Private,Biotech & Pharmaceuticals,Biotech & Pharmaceuticals,Unknown / Non-Applicable,0,0,59,125,92.0,CA,15,0,0,1,1,0,0,0,0,0,0,0,0,0,0,0,0,other scientist,sr,M
929,Associate Data Analyst- Graduate Development Program,$32K-$59K (Glassdoor est.),3.3,501 - 1000 ,1989,Company - Private,Insurance Carriers,Insurance,$500 million to $1 billion (USD),0,0,32,59,45.5,OH,32,0,0,0,0,0,0,0,0,0,0,0,0,0,0,0,0,analyst,na,na
930,Sr. Data Engineer,$87K-$158K (Glassdoor est.),4.5,51 - 200 ,1996,Company - Private,Consulting,Business Services,$25 to $50 million (USD),0,0,87,158,122.5,IN,25,1,1,1,0,1,0,0,0,0,0,1,0,0,0,1,0,data engineer,sr,na
931,Clinical Data Analyst,$27K-$48K (Glassdoor est.),3.0,1001 - 5000 ,1977,Subsidiary or Business Segment,Enterprise Software & Network Solutions,Information Technology,$100 to $500 million (USD),0,0,27,48,37.5,FL,44,0,0,0,1,1,0,0,0,0,0,0,0,0,0,0,0,analyst,na,M
932,IT Associate Data Analyst,$39K-$69K (Glassdoor est.),3.7,5001 - 10000 ,1852,Company - Public,Insurance Carriers,Insurance,$5 to $10 billion (USD),0,0,39,69,54.0,MA,169,0,0,0,0,1,0,0,0,0,0,0,0,0,0,0,0,analyst,na,na
933,Business Data Analyst,$36K-$71K (Glassdoor est.),3.8,1001 - 5000 ,2002,Company - Private,Travel Agencies,Travel & Tourism,$2 to $5 billion (USD),0,0,36,71,53.5,NY,19,1,0,0,1,1,0,0,0,0,0,0,0,1,0,0,1,analyst,na,M
934,Senior Insurance Data Scientist,$107K-$173K (Glassdoor est.),3.9,5001 - 10000 ,1968,Company - Public,Financial Analytics & Research,Finance,$1 to $2 billion (USD),0,0,107,173,140.0,IL,53,1,0,0,1,1,1,0,0,0,0,0,0,0,0,0,0,data scientist,sr,na
935,Senior Data Science Systems Engineer,$56K-$99K (Glassdoor est.),3.2,5001 - 10000 ,1958,Nonprofit Organization,Federal Agencies,Government,$1 to $2 billion (USD),0,0,56,99,77.5,VA,63,0,0,0,0,0,0,0,0,0,0,0,0,0,0,0,0,data scientist,sr,P
936,ENVIRONMENTAL ENGINEER/SCIENTIST,Employer Provided Salary:$25-$28 Per Hour,3.3,1 - 50 ,1976,Company - Private,Construction,"Construction, Repair & Maintenance",Unknown / Non-Applicable,1,1,52,58,55.0,MA,45,0,0,0,1,0,0,0,0,0,0,0,0,0,0,0,0,other scientist,na,na
938,Senior Scientist - Regulatory Submissions,$80K-$155K (Glassdoor est.),3.1,5001 - 10000 ,1875,Company - Private,Consumer Products Manufacturing,Manufacturing,$10+ billion (USD),0,0,80,155,117.5,NC,146,0,0,0,1,0,0,0,0,0,0,0,0,0,0,0,0,other scientist,sr,M
939,Scientist - Biomarker and Flow Cytometry,$43K-$98K (Glassdoor est.),2.4,501 - 1000 ,2006,Company - Private,Biotech & Pharmaceuticals,Biotech & Pharmaceuticals,$50 to $100 million (USD),0,0,43,98,70.5,CA,15,0,0,0,0,0,0,0,0,0,0,0,0,0,0,0,0,other scientist,na,M
940,Revenue Analytics Manager,$45K-$78K (Glassdoor est.),4.8,51 - 200 ,2011,Company - Private,Computer Hardware & Software,Information Technology,$25 to $50 million (USD),0,0,45,78,61.5,CA,10,0,0,0,1,1,0,0,0,0,0,0,1,0,0,0,0,Data scientist project manager,na,na
941,Sr. Scientist Method Development,$50K-$110K (Glassdoor est.),2.9,1001 - 5000 ,2015,Company - Private,Biotech & Pharmaceuticals,Biotech & Pharmaceuticals,Unknown / Non-Applicable,0,0,50,110,80.0,GA,6,0,0,0,1,0,0,0,0,0,0,0,0,0,0,0,0,other scientist,sr,na
942,"Associate Scientist, LC/MS Biologics",$44K-$96K (Glassdoor est.),2.9,1001 - 5000 ,2015,Company - Private,Biotech & Pharmaceuticals,Biotech & Pharmaceuticals,Unknown / Non-Applicable,0,0,44,96,70.0,NY,6,0,0,0,1,0,0,0,0,0,0,0,0,0,0,0,0,other scientist,na,na
943,"Research Scientist, Immunology - Cancer Biology",Employer Provided Salary:$100K-$140K,-1.0,unknown,-1,Company - Private,-1,-1,Unknown / Non-Applicable,0,1,100,140,120.0,MA,-1,0,0,0,1,0,0,0,0,0,0,0,0,0,0,0,0,other scientist,na,P
944,IT - Data Engineer II,$61K-$119K (Glassdoor est.),3.4,1001 - 5000 ,1988,Company - Private,Insurance Carriers,Insurance,$100 to $500 million (USD),0,0,61,119,90.0,MA,33,0,1,0,1,1,0,0,0,0,0,1,0,0,0,0,0,data engineer,na,na
945,Machine Learning Engineer (NLP),$80K-$142K (Glassdoor est.),4.1,1 - 50 ,2007,Company - Private,K-12 Education,Education,Unknown / Non-Applicable,0,0,80,142,111.0,CA,14,1,0,1,1,0,0,0,1,0,1,0,0,0,0,0,0,machine learning engineer,na,na
946,Senior Data Analyst,$99K-$178K (Glassdoor est.),3.9,51 - 200 ,2008,Company - Public,Computer Hardware & Software,Information Technology,Unknown / Non-Applicable,0,0,99,178,138.5,CA,13,1,0,0,0,1,0,0,0,0,0,0,1,0,0,0,0,analyst,sr,na
947,Data Science Project Manager,$37K-$100K (Glassdoor est.),3.6,5001 - 10000 ,1851,Company - Private,Insurance Carriers,Insurance,$10+ billion (USD),0,0,37,100,68.5,MA,170,0,0,0,1,0,0,0,0,0,0,0,0,0,0,0,0,data scientist,na,M
948,Data Engineer,$62K-$113K (Glassdoor est.),3.9,201 - 500 ,2011,Company - Private,Internet,Information Technology,$100 to $500 million (USD),0,0,62,113,87.5,CA,10,1,0,1,1,1,0,0,0,0,0,0,0,0,0,0,0,data engineer,na,P
949,"Principal, Data Science - Advanced Analytics",$86K-$137K (Glassdoor est.),3.6,10000+ ,2017,Company - Public,Biotech & Pharmaceuticals,Biotech & Pharmaceuticals,$2 to $5 billion (USD),0,0,86,137,111.5,PA,4,0,0,0,0,0,0,0,0,0,0,0,0,0,0,0,0,data scientist,sr,M
950,"Sr Scientist, Immuno-Oncology - Oncology",$58K-$111K (Glassdoor est.),3.9,10000+ ,1830,Company - Public,Biotech & Pharmaceuticals,Biotech & Pharmaceuticals,$10+ billion (USD),0,0,58,111,84.5,MA,191,0,0,1,0,0,0,0,0,0,0,0,0,0,0,0,0,other scientist,sr,M
951,Senior Data Engineer,$72K-$133K (Glassdoor est.),4.4,1001 - 5000 ,2006,Company - Public,Internet,Information Technology,$100 to $500 million (USD),0,0,72,133,102.5,TN,15,1,1,1,0,1,0,0,0,0,0,1,0,0,0,0,0,data engineer,sr,na
952,"Project Scientist - Auton Lab, Robotics Institute",$56K-$91K (Glassdoor est.),2.6,501 - 1000 ,1984,College / University,Colleges & Universities,Education,Unknown / Non-Applicable,0,0,56,91,73.5,PA,37,0,0,0,1,0,0,0,0,0,0,0,0,0,0,0,0,other scientist,na,P
953,Data Science Manager,$95K-$160K (Glassdoor est.),3.2,1 - 50 ,-1,Company - Private,Staffing & Outsourcing,Business Services,$5 to $10 million (USD),0,0,95,160,127.5,PA,-1,0,0,0,1,0,0,0,0,0,0,0,0,0,0,0,0,data scientist,na,na
955,Research Scientist – Security and Privacy,$61K-$126K (Glassdoor est.),3.6,501 - 1000 ,1967,Nonprofit Organization,Federal Agencies,Government,$50 to $100 million (USD),0,0,61,126,93.5,OH,54,1,0,0,0,0,0,0,0,0,0,0,0,0,0,0,0,other scientist,na,M
