value,n,pct
Full-Time,45,0.5769230769230769
Part-Time,33,0.4230769230769231
