value,n,pct
Job,43,0.5972222222222222
Internship,16,0.2222222222222222
Volunteer,3,0.041666666666666664
Experiential Learning,2,0.027777777777777776
Cooperative Education,2,0.027777777777777776
Graduate School,2,0.027777777777777776
Fellowship,2,0.027777777777777776
On Campus Student Employment,2,0.027777777777777776
