How did you hear about the Career Fair,n,pct
Email,9,0.5
CCC Newsletter,5,0.2777777777777778
Poster,2,0.1111111111111111
Social Media,1,0.05555555555555555
Friend,1,0.05555555555555555
